sample_id,filepath,clean_caption,perturbation_type,model,raw_output,category
67fde4bd3e2e120b363a8a6c,/root/fiftyone/coco-2017/validation/data/000000537053.jpg,a giraffe,Rotation+GaussianBlur,BLIP-2,A giraffe in a field,Ignored Perturbation
67fde4bd3e2e120b363a8a6c,/root/fiftyone/coco-2017/validation/data/000000537053.jpg,a giraffe,Rotation+GaussianBlur,LLaVA,"The image features a giraffe standing in a grassy field. The giraffe is positioned in the center of the scene, with its long neck and legs prominently visible. The field appears to be a lush green, providing",Other/Irrelevant Description
67fde4be3e2e120b363a8bb6,/root/fiftyone/coco-2017/validation/data/000000384527.jpg,"a room with a table, chairs, and a tv",Rotation+GaussianBlur,BLIP-2,"A room with a table, chairs, a television, and a coffee table",Ignored Perturbation
67fde4be3e2e120b363a8bb6,/root/fiftyone/coco-2017/validation/data/000000384527.jpg,"a room with a table, chairs, and a tv",Rotation+GaussianBlur,LLaVA,"The image features a cozy living room with a retro feel. The room is filled with various pieces of furniture, including a couch, a chair, and a dining table. A vase is placed on the table, adding a touch",Other/Irrelevant Description
67fde4bd3e2e120b363a88fa,/root/fiftyone/coco-2017/validation/data/000000321333.jpg,two children holding a teddy bear,Rotation+GaussianBlur,BLIP-2,"two children, one holding a teddy bear, the other holding a stuffed animal",Ignored Perturbation
67fde4bd3e2e120b363a88fa,/root/fiftyone/coco-2017/validation/data/000000321333.jpg,two children holding a teddy bear,Rotation+GaussianBlur,LLaVA,"The image features two young children, a boy and a girl, sitting next to each other and holding a stuffed teddy bear. They seem to be enjoying their time together, possibly posing for a photo. The teddy bear is placed",Ignored Perturbation
67fde4be3e2e120b363a8bc0,/root/fiftyone/coco-2017/validation/data/000000241319.jpg,a bathroom sink with two toothbrushes and a bottle of toothpaste,Rotation+GaussianBlur,BLIP-2,A bathroom sink with a toothbrush holder and a toothbrush,Other/Irrelevant Description
67fde4be3e2e120b363a8bc0,/root/fiftyone/coco-2017/validation/data/000000241319.jpg,a bathroom sink with two toothbrushes and a bottle of toothpaste,Rotation+GaussianBlur,LLaVA,"The image features a bathroom sink with a variety of toiletries and personal care items. There are multiple toothbrushes placed around the sink, with some closer to the front and others further back. A cup can be seen on",Other/Irrelevant Description
67fde4bd3e2e120b363a8a97,/root/fiftyone/coco-2017/validation/data/000000469246.jpg,a train at a train station,Rotation+GaussianBlur,BLIP-2,A train is pulling into a station,Ignored Perturbation
67fde4bd3e2e120b363a8a97,/root/fiftyone/coco-2017/validation/data/000000469246.jpg,a train at a train station,Rotation+GaussianBlur,LLaVA,"The image features a train station with a train on the tracks. The train is positioned on the left side of the image, and it appears to be a passenger train. There are several people standing near the train, likely waiting to board or dis",Ignored Perturbation
67fde4bd3e2e120b363a8a9c,/root/fiftyone/coco-2017/validation/data/000000373705.jpg,a fire hydrant with a family in the background,Rotation+GaussianBlur,BLIP-2,A red and yellow fire hydrant is sitting in front of a fountain.,Other/Irrelevant Description
67fde4bd3e2e120b363a8a9c,/root/fiftyone/coco-2017/validation/data/000000373705.jpg,a fire hydrant with a family in the background,Rotation+GaussianBlur,LLaVA,"The image features a red fire hydrant situated next to a black fountain. The fire hydrant is prominently placed in the foreground, while the fountain is located in the background. 

There are several people in",Other/Irrelevant Description
67fde4bd3e2e120b363a8aa1,/root/fiftyone/coco-2017/validation/data/000000405205.jpg,a bus parked in a lot,Rotation+GaussianBlur,BLIP-2,A bus parked in a parking lot,Ignored Perturbation
67fde4bd3e2e120b363a8aa1,/root/fiftyone/coco-2017/validation/data/000000405205.jpg,a bus parked in a lot,Rotation+GaussianBlur,LLaVA,"The image features a large white and green bus parked on the side of a road. The bus is positioned in the foreground, occupying a significant portion of the scene. 

In the background, there are two smaller buses",Other/Irrelevant Description
67fde4bd3e2e120b363a8a7b,/root/fiftyone/coco-2017/validation/data/000000109992.jpg,a person walking in the snow,Rotation+GaussianBlur,BLIP-2,A child is riding a snowboard down a hill,Other/Irrelevant Description
67fde4bd3e2e120b363a8a7b,/root/fiftyone/coco-2017/validation/data/000000109992.jpg,a person walking in the snow,Rotation+GaussianBlur,LLaVA,"The image features a snowy landscape with a person wearing a blue jacket, likely a child, skiing down a snow-covered slope. The person is holding a ski pole, and there is a backpack nearby. The scene also",Other/Irrelevant Description
67fde4bd3e2e120b363a8a8d,/root/fiftyone/coco-2017/validation/data/000000082986.jpg,a group of people playing frisbee,Rotation+GaussianBlur,BLIP-2,A man is throwing a frisbee,Other/Irrelevant Description
67fde4bd3e2e120b363a8a8d,/root/fiftyone/coco-2017/validation/data/000000082986.jpg,a group of people playing frisbee,Rotation+GaussianBlur,LLaVA,"The image features two men playing with a frisbee in a field. One man is in the foreground, while the other man is positioned further back in the scene. The frisbee is in the air, close to the",Other/Irrelevant Description
67fde4bd3e2e120b363a8a75,/root/fiftyone/coco-2017/validation/data/000000058384.jpg,elephants in a field with a pool,Rotation+GaussianBlur,BLIP-2,A herd of elephants in a field,Ignored Perturbation
67fde4bd3e2e120b363a8a75,/root/fiftyone/coco-2017/validation/data/000000058384.jpg,elephants in a field with a pool,Rotation+GaussianBlur,LLaVA,"The image features a group of elephants standing together in a fenced-in area. There are three elephants in total, with one on the left side, another in the middle, and the third one on the right side of the",Other/Irrelevant Description
67fde4bd3e2e120b363a8a7f,/root/fiftyone/coco-2017/validation/data/000000443426.jpg,a man sitting in a chair,Rotation+GaussianBlur,BLIP-2,a man in a white shirt and tie sitting in a chair,Ignored Perturbation
67fde4bd3e2e120b363a8a7f,/root/fiftyone/coco-2017/validation/data/000000443426.jpg,a man sitting in a chair,Rotation+GaussianBlur,LLaVA,"The image features a man sitting in a chair, wearing glasses and a tie. He appears to be in a relaxed position, possibly taking a break or waiting for someone. The man is seated in front of a large whiteboard,",Other/Irrelevant Description
67fde4be3e2e120b363a8bd7,/root/fiftyone/coco-2017/validation/data/000000411774.jpg,a woman holding a tennis racket,Rotation+GaussianBlur,BLIP-2,a woman holding a tennis racket,Ignored Perturbation
67fde4be3e2e120b363a8bd7,/root/fiftyone/coco-2017/validation/data/000000411774.jpg,a woman holding a tennis racket,Rotation+GaussianBlur,LLaVA,"The image features a woman sitting on a bed, holding a tennis racket in her hand. She is wearing glasses and has a tattoo on her arm. The woman appears to be enjoying her time, possibly taking a break from",Other/Irrelevant Description
67fde4bd3e2e120b363a8a8a,/root/fiftyone/coco-2017/validation/data/000000563470.jpg,a person bending over to pick up a blue stick,Rotation+GaussianBlur,BLIP-2,a woman bending over to pick up a blue stick,Ignored Perturbation
67fde4bd3e2e120b363a8a8a,/root/fiftyone/coco-2017/validation/data/000000563470.jpg,a person bending over to pick up a blue stick,Rotation+GaussianBlur,LLaVA,"The image features a woman bending over and holding a baseball bat. She appears to be practicing her swing or preparing to play. The scene takes place in a park, with a bench visible in the background. The woman is the main",Other/Irrelevant Description
67fde4be3e2e120b363a8bba,/root/fiftyone/coco-2017/validation/data/000000344888.jpg,two horses in a field,Rotation+GaussianBlur,BLIP-2,A horse and a tractor in a field,Other/Irrelevant Description
67fde4be3e2e120b363a8bba,/root/fiftyone/coco-2017/validation/data/000000344888.jpg,two horses in a field,Rotation+GaussianBlur,LLaVA,"The image features a large red tractor parked in a grassy field. The tractor is situated near the center of the scene, with a horse standing close to it. There are two horses in the field, one on the left side and",Other/Irrelevant Description
67fde4bd3e2e120b363a88fb,/root/fiftyone/coco-2017/validation/data/000000502136.jpg,a door with a plaque on it,Rotation+GaussianBlur,BLIP-2,A door with a flower vase on the side,Other/Irrelevant Description
67fde4bd3e2e120b363a88fb,/root/fiftyone/coco-2017/validation/data/000000502136.jpg,a door with a plaque on it,Rotation+GaussianBlur,LLaVA,"The image features a doorway with a blue door, which is part of a building. The doorway is adorned with a plaque, and there are several vases placed around the area. Some of the vases are located near the",Other/Irrelevant Description
67fde4be3e2e120b363a8bc4,/root/fiftyone/coco-2017/validation/data/000000009590.jpg,a group of people sitting around a table,Rotation+GaussianBlur,BLIP-2,a group of people sitting around a table in a room,Ignored Perturbation
67fde4be3e2e120b363a8bc4,/root/fiftyone/coco-2017/validation/data/000000009590.jpg,a group of people sitting around a table,Rotation+GaussianBlur,LLaVA,"The image depicts a group of people sitting around a dining table, enjoying a meal together. There are at least six people in the scene, with some sitting closer to the table and others further away. The table is filled with",Ignored Perturbation
67fde4be3e2e120b363a8bcc,/root/fiftyone/coco-2017/validation/data/000000426241.jpg,a computer desk with a tv and a keyboard,Rotation+GaussianBlur,BLIP-2,A computer desk with a laptop and a monitor,Other/Irrelevant Description
67fde4be3e2e120b363a8bcc,/root/fiftyone/coco-2017/validation/data/000000426241.jpg,a computer desk with a tv and a keyboard,Rotation+GaussianBlur,LLaVA,"The image features a room with a large desk in the center. On the desk, there is a laptop and a keyboard, along with a mouse. A television is mounted on the wall above the desk, providing entertainment for the room",Other/Irrelevant Description
67fde4bd3e2e120b363a8a79,/root/fiftyone/coco-2017/validation/data/000000564280.jpg,a dog sitting on a couch,Rotation+GaussianBlur,BLIP-2,A dog sitting on a red couch with a piece of paper on the table,Ignored Perturbation
67fde4bd3e2e120b363a8a79,/root/fiftyone/coco-2017/validation/data/000000564280.jpg,a dog sitting on a couch,Rotation+GaussianBlur,LLaVA,"The image features a black and white dog sitting on a red couch. The dog is laying down and appears to be relaxed. On the couch, there is a remote control and a cell phone placed near the dog. The scene gives",Ignored Perturbation
67fde4bd3e2e120b363a8a6b,/root/fiftyone/coco-2017/validation/data/000000130586.jpg,a boy playing with a kite,Rotation+GaussianBlur,BLIP-2,A boy is running with a kite,Ignored Perturbation
67fde4bd3e2e120b363a8a6b,/root/fiftyone/coco-2017/validation/data/000000130586.jpg,a boy playing with a kite,Rotation+GaussianBlur,LLaVA,"The image features a young boy standing in a grassy field, holding a colorful kite. He appears to be enjoying the outdoor activity, possibly flying the kite in the sky. The boy is the main focus of the scene,",Other/Irrelevant Description
67fde4bd3e2e120b363a8a89,/root/fiftyone/coco-2017/validation/data/000000488385.jpg,a motorcycle parked on the side of a street,Rotation+GaussianBlur,BLIP-2,A motorcycle parked on the sidewalk,Ignored Perturbation
67fde4bd3e2e120b363a8a89,/root/fiftyone/coco-2017/validation/data/000000488385.jpg,a motorcycle parked on the side of a street,Rotation+GaussianBlur,LLaVA,"The image features a black and white motorcycle parked on the side of a street. The motorcycle is prominently displayed, taking up a significant portion of the scene. The street appears to be made of bricks, giving it a unique",Other/Irrelevant Description
67fde4be3e2e120b363a8bb5,/root/fiftyone/coco-2017/validation/data/000000148508.jpg,a red double decker bus,Rotation+GaussianBlur,BLIP-2,a red double decker bus is driving down the street,Ignored Perturbation
67fde4be3e2e120b363a8bb5,/root/fiftyone/coco-2017/validation/data/000000148508.jpg,a red double decker bus,Rotation+GaussianBlur,LLaVA,"The image captures a busy street scene with a red double-decker bus driving down the road. The bus is surrounded by a crowd of people, some of whom are standing on the sidewalk, while others are walking along the street.",Other/Irrelevant Description
67fde4bd3e2e120b363a8a72,/root/fiftyone/coco-2017/validation/data/000000246968.jpg,a woman in a kitchen preparing food,Rotation+GaussianBlur,BLIP-2,A woman is preparing a drink in a kitchen,Ignored Perturbation
67fde4bd3e2e120b363a8a72,/root/fiftyone/coco-2017/validation/data/000000246968.jpg,a woman in a kitchen preparing food,Rotation+GaussianBlur,LLaVA,"The image features a woman standing in a kitchen, preparing food. She is positioned near the center of the scene, surrounded by various kitchen items. There are multiple bottles scattered around the kitchen, with some placed closer to the woman and others",Ignored Perturbation
67fde4bd3e2e120b363a8a87,/root/fiftyone/coco-2017/validation/data/000000382743.jpg,a kite flying in the sky,Rotation+GaussianBlur,BLIP-2,A kite flying in the sky,Ignored Perturbation
67fde4bd3e2e120b363a8a87,/root/fiftyone/coco-2017/validation/data/000000382743.jpg,a kite flying in the sky,Rotation+GaussianBlur,LLaVA,"The image features a group of colorful kites flying in the sky. There are at least five kites visible, each with a unique design and pattern. The kites are spread across the sky, with some flying higher and others closer to the",Other/Irrelevant Description
67fde4bd3e2e120b363a8a84,/root/fiftyone/coco-2017/validation/data/000000270474.jpg,a little girl holding a baseball bat,Rotation+GaussianBlur,BLIP-2,A young girl holding a baseball bat,Ignored Perturbation
67fde4bd3e2e120b363a8a84,/root/fiftyone/coco-2017/validation/data/000000270474.jpg,a little girl holding a baseball bat,Rotation+GaussianBlur,LLaVA,"The image features a young girl standing in a yard, holding a baseball bat. She appears to be excited and is making a funny face while holding the bat. The girl is wearing a dress, which adds a playful touch to the scene",Other/Irrelevant Description
67fde4bd3e2e120b363a8a8f,/root/fiftyone/coco-2017/validation/data/000000170474.jpg,a man playing tennis,Rotation+GaussianBlur,BLIP-2,A man is holding a tennis racket and serving a ball,Other/Irrelevant Description
67fde4bd3e2e120b363a8a8f,/root/fiftyone/coco-2017/validation/data/000000170474.jpg,a man playing tennis,Rotation+GaussianBlur,LLaVA,"The image features a man wearing a blue shirt and holding a tennis racket. He is in the process of hitting a tennis ball with the racket, showcasing his skill in the sport. The scene takes place on a tennis court",Other/Irrelevant Description
67fde4bd3e2e120b363a8a9e,/root/fiftyone/coco-2017/validation/data/000000423971.jpg,a toilet with a light on it,Rotation+GaussianBlur,BLIP-2,A toilet with a light on it,Ignored Perturbation
67fde4bd3e2e120b363a8a9e,/root/fiftyone/coco-2017/validation/data/000000423971.jpg,a toilet with a light on it,Rotation+GaussianBlur,LLaVA,"The image features a white toilet with a blue light on the side. The toilet is situated in a bathroom, and there is a remote control placed on the toilet seat. The remote control is likely used to operate the",Other/Irrelevant Description
67fde4bd3e2e120b363a8a7c,/root/fiftyone/coco-2017/validation/data/000000383842.jpg,a woman playing a video game,Rotation+GaussianBlur,BLIP-2,a woman in a lab coat holding a remote control,Other/Irrelevant Description
67fde4bd3e2e120b363a8a7c,/root/fiftyone/coco-2017/validation/data/000000383842.jpg,a woman playing a video game,Rotation+GaussianBlur,LLaVA,"The image features a group of people gathered around a laptop, with a woman prominently standing in front of it. She is holding a Wii remote, possibly playing a video game. The other people in the scene are watching her play, possibly",Other/Irrelevant Description
67fde4bd3e2e120b363a8a82,/root/fiftyone/coco-2017/validation/data/000000269866.jpg,a microwave oven,Rotation+GaussianBlur,BLIP-2,A microwave oven,Ignored Perturbation
67fde4bd3e2e120b363a8a82,/root/fiftyone/coco-2017/validation/data/000000269866.jpg,a microwave oven,Rotation+GaussianBlur,LLaVA,"The image features a stainless steel microwave sitting on a countertop. The microwave is turned off, and its door is open, revealing the interior. The microwave is placed next to a sink, which is located",Other/Irrelevant Description
67fde4be3e2e120b363a8bbc,/root/fiftyone/coco-2017/validation/data/000000327890.jpg,a park bench with a tree in the background,Rotation+GaussianBlur,BLIP-2,A park bench,Ignored Perturbation
67fde4be3e2e120b363a8bbc,/root/fiftyone/coco-2017/validation/data/000000327890.jpg,a park bench with a tree in the background,Rotation+GaussianBlur,LLaVA,"The image features a park with a bench situated under a tree. The bench is positioned near the center of the scene, and it appears to be a popular spot for relaxation. 

In the background, there are several cars",Other/Irrelevant Description
67fde4be3e2e120b363a8bd6,/root/fiftyone/coco-2017/validation/data/000000440184.jpg,a couple of people playing tennis on a court,Rotation+GaussianBlur,BLIP-2,a tennis player in action,Other/Irrelevant Description
67fde4be3e2e120b363a8bd6,/root/fiftyone/coco-2017/validation/data/000000440184.jpg,a couple of people playing tennis on a court,Rotation+GaussianBlur,LLaVA,"The image features a group of people playing tennis on a court. There are at least five people in the scene, with some of them actively engaged in the game. One person is holding a tennis racket, ready to hit the ball.",Other/Irrelevant Description
67fde4be3e2e120b363a8bcf,/root/fiftyone/coco-2017/validation/data/000000560911.jpg,a man sitting on a couch,Rotation+GaussianBlur,BLIP-2,A man sitting on a couch with his cell phone in his hand,Ignored Perturbation
67fde4be3e2e120b363a8bcf,/root/fiftyone/coco-2017/validation/data/000000560911.jpg,a man sitting on a couch,Rotation+GaussianBlur,LLaVA,"The image features a man sitting comfortably on a couch, holding a cell phone in his hand. He appears to be engaged in a conversation or using his phone for some purpose. The couch is positioned in the center of the room,",Other/Irrelevant Description
67fde4bd3e2e120b363a8a8e,/root/fiftyone/coco-2017/validation/data/000000168337.jpg,a man standing outside of a building,Rotation+GaussianBlur,BLIP-2,A man is walking down the street,Other/Irrelevant Description
67fde4bd3e2e120b363a8a8e,/root/fiftyone/coco-2017/validation/data/000000168337.jpg,a man standing outside of a building,Rotation+GaussianBlur,LLaVA,"The image features a red fire hydrant situated on the sidewalk next to a building. There are two people standing near the fire hydrant, one closer to the left side of the image and the other person standing further to the right.",Other/Irrelevant Description
67fde4bd3e2e120b363a8a80,/root/fiftyone/coco-2017/validation/data/000000090062.jpg,a cow standing in front of a pile of wood,Rotation+GaussianBlur,BLIP-2,a cow standing in front of a barn,Other/Irrelevant Description
67fde4bd3e2e120b363a8a80,/root/fiftyone/coco-2017/validation/data/000000090062.jpg,a cow standing in front of a pile of wood,Rotation+GaussianBlur,LLaVA,"The image features a black and white cow standing in a grassy area. The cow is positioned near a wooden structure, possibly a barn or a shed. The scene also includes a pile of logs, which are scattered around the cow and",Other/Irrelevant Description
67fde4bd3e2e120b363a8a93,/root/fiftyone/coco-2017/validation/data/000000488251.jpg,a man standing next to a horse,Rotation+GaussianBlur,BLIP-2,a man in a cowboy hat and vest standing next to a horse,Ignored Perturbation
67fde4bd3e2e120b363a8a93,/root/fiftyone/coco-2017/validation/data/000000488251.jpg,a man standing next to a horse,Rotation+GaussianBlur,LLaVA,"The image features a man wearing a cowboy hat and vest, standing next to a brown horse. The man appears to be smiling, possibly enjoying his time with the horse. The horse is positioned on the left side of the man",Ignored Perturbation
67fde4be3e2e120b363a8bcd,/root/fiftyone/coco-2017/validation/data/000000545826.jpg,a cat,Rotation+GaussianBlur,BLIP-2,A cat wearing a blue hat,Other/Irrelevant Description
67fde4be3e2e120b363a8bcd,/root/fiftyone/coco-2017/validation/data/000000545826.jpg,a cat,Rotation+GaussianBlur,LLaVA,"The image features a black and white cat wearing a blue knitted hat. The cat is sitting on a chair, and the hat appears to be a bit too large for its head. The cat seems to be enjoying the hat, and it",Other/Irrelevant Description
67fde4be3e2e120b363a8bb9,/root/fiftyone/coco-2017/validation/data/000000392481.jpg,a fighter jet flying through the sky,Rotation+GaussianBlur,BLIP-2,A fighter jet flying in the sky,Ignored Perturbation
67fde4be3e2e120b363a8bb9,/root/fiftyone/coco-2017/validation/data/000000392481.jpg,a fighter jet flying through the sky,Rotation+GaussianBlur,LLaVA,"The image features a fighter jet flying high in the sky. The jet is positioned in the middle of the scene, with its wings visible as it soars through the air. The sky appears to be cloudy, adding a dramatic back",Other/Irrelevant Description
67fde4be3e2e120b363a8bbe,/root/fiftyone/coco-2017/validation/data/000000407298.jpg,a young boy holding a baseball glove,Rotation+GaussianBlur,BLIP-2,a young boy holding a baseball glove and a baseball,Ignored Perturbation
67fde4be3e2e120b363a8bbe,/root/fiftyone/coco-2017/validation/data/000000407298.jpg,a young boy holding a baseball glove,Rotation+GaussianBlur,LLaVA,"The image features a young boy wearing a blue shirt, standing in a grassy area and holding a baseball glove. He is proudly displaying his catcher's mitt, which is placed on top of a baseball. The boy appears",Ignored Perturbation
67fde4bd3e2e120b363a8a78,/root/fiftyone/coco-2017/validation/data/000000549167.jpg,a plate of food on a table,Rotation+GaussianBlur,BLIP-2,A plate of food,Ignored Perturbation
67fde4bd3e2e120b363a8a78,/root/fiftyone/coco-2017/validation/data/000000549167.jpg,a plate of food on a table,Rotation+GaussianBlur,LLaVA,"The image features a white plate filled with a delicious and healthy meal. The plate is topped with a mixture of rice, broccoli, and almonds. The broccoli is scattered across the plate, with some pieces",Other/Irrelevant Description
67fde4bd3e2e120b363a8a86,/root/fiftyone/coco-2017/validation/data/000000451714.jpg,a man on skis on a snowy slope,Rotation+GaussianBlur,BLIP-2,A woman in a red ski suit is standing on a snow covered slope,Other/Irrelevant Description
67fde4bd3e2e120b363a8a86,/root/fiftyone/coco-2017/validation/data/000000451714.jpg,a man on skis on a snowy slope,Rotation+GaussianBlur,LLaVA,"The image features a snowy hill with a man wearing a red snowsuit standing on skis. He is posing for a picture, likely enjoying his time on the slopes. Another person can be seen in the background,",Other/Irrelevant Description
67fde4be3e2e120b363a8bc6,/root/fiftyone/coco-2017/validation/data/000000255664.jpg,a dog catching a frisbee,Rotation+GaussianBlur,BLIP-2,A dog catching a frisbee,Ignored Perturbation
67fde4be3e2e120b363a8bc6,/root/fiftyone/coco-2017/validation/data/000000255664.jpg,a dog catching a frisbee,Rotation+GaussianBlur,LLaVA,"The image features a brown dog in a grassy field, with its mouth open and teeth bared, as if it is about to catch a frisbee. The dog is in the process of catching a frisbee that is",Ignored Perturbation
67fde4be3e2e120b363a8bc2,/root/fiftyone/coco-2017/validation/data/000000042888.jpg,a street sign on a pole,Rotation+GaussianBlur,BLIP-2,A street sign on a pole,Ignored Perturbation
67fde4be3e2e120b363a8bc2,/root/fiftyone/coco-2017/validation/data/000000042888.jpg,a street sign on a pole,Rotation+GaussianBlur,LLaVA,"The image features a street scene with a street sign on a pole. The sign is positioned near the center of the scene, and it appears to be a no parking zone sign. The street is lined with trees, creating a pleasant atmosphere",Ignored Perturbation
67fde4bd3e2e120b363a88fc,/root/fiftyone/coco-2017/validation/data/000000573626.jpg,two cows standing on rocks near a river,Rotation+GaussianBlur,BLIP-2,A bear and a cow are walking along a river bank,Other/Irrelevant Description
67fde4bd3e2e120b363a88fc,/root/fiftyone/coco-2017/validation/data/000000573626.jpg,two cows standing on rocks near a river,Rotation+GaussianBlur,LLaVA,"The image features a serene scene of a river with a few rocks scattered throughout the water. Two animals, possibly deer, are standing on the rocks, enjoying the view of the water. The animals are positioned close to each other,",Other/Irrelevant Description
67fde4bd3e2e120b363a88f9,/root/fiftyone/coco-2017/validation/data/000000037751.jpg,a person riding a motorcycle on a dirt road,Rotation+GaussianBlur,BLIP-2,A person riding a motorcycle on a dirt road,Ignored Perturbation
67fde4bd3e2e120b363a88f9,/root/fiftyone/coco-2017/validation/data/000000037751.jpg,a person riding a motorcycle on a dirt road,Rotation+GaussianBlur,LLaVA,"The image features a man riding a motorcycle on a dirt road, possibly on a mountain trail. The man is wearing a backpack, which is visible on his back. The motorcycle is positioned in the middle of the scene",Other/Irrelevant Description
67fde4bd3e2e120b363a8a6e,/root/fiftyone/coco-2017/validation/data/000000346905.jpg,a family of elephants walking in the wild,Rotation+GaussianBlur,BLIP-2,a family of elephants,Ignored Perturbation
67fde4bd3e2e120b363a8a6e,/root/fiftyone/coco-2017/validation/data/000000346905.jpg,a family of elephants walking in the wild,Rotation+GaussianBlur,LLaVA,"The image features a group of elephants walking together in a lush green forest. There are at least five elephants visible in the scene, with some of them being larger and others smaller. The elephants are spread out across the",Other/Irrelevant Description
67fde4be3e2e120b363a8bce,/root/fiftyone/coco-2017/validation/data/000000399655.jpg,a dog laying on a couch with a shoe,Rotation+GaussianBlur,BLIP-2,A dog laying on a couch with a shoe on its head,Ignored Perturbation
67fde4be3e2e120b363a8bce,/root/fiftyone/coco-2017/validation/data/000000399655.jpg,a dog laying on a couch with a shoe,Rotation+GaussianBlur,LLaVA,"The image features a black and white dog lying on a couch, with a pair of red shoes placed on its head. The dog appears to be resting or sleeping, and the shoes are positioned in such a way that they",Other/Irrelevant Description
67fde4be3e2e120b363a8bbf,/root/fiftyone/coco-2017/validation/data/000000045550.jpg,a man holding a plate of food,Rotation+GaussianBlur,BLIP-2,A man with a plate of food,Ignored Perturbation
67fde4be3e2e120b363a8bbf,/root/fiftyone/coco-2017/validation/data/000000045550.jpg,a man holding a plate of food,Rotation+GaussianBlur,LLaVA,"The image features a man wearing glasses, holding a plate with a piece of food on it. The food appears to be a sandwich or a piece of cake. The man is smiling, possibly enjoying the meal or the",Other/Irrelevant Description
67fde4bd3e2e120b363a8a9d,/root/fiftyone/coco-2017/validation/data/000000050679.jpg,an orange,Rotation+GaussianBlur,BLIP-2,A car is parked in the middle of the road,Other/Irrelevant Description
67fde4bd3e2e120b363a8a9d,/root/fiftyone/coco-2017/validation/data/000000050679.jpg,an orange,Rotation+GaussianBlur,LLaVA,"The image features a small, round, and slightly bruised orange sitting on a black asphalt surface. The orange is positioned in the center of the scene, surrounded by a parking lot filled with various cars.

There are several",Other/Irrelevant Description
67fde4be3e2e120b363a8bd8,/root/fiftyone/coco-2017/validation/data/000000227898.jpg,a horse drawn carriage,Rotation+GaussianBlur,BLIP-2,A horse and carriage ride on a street in front of a building,Other/Irrelevant Description
67fde4be3e2e120b363a8bd8,/root/fiftyone/coco-2017/validation/data/000000227898.jpg,a horse drawn carriage,Rotation+GaussianBlur,LLaVA,"The image features a horse-drawn carriage with a man sitting in the carriage, waving to the people around him. The carriage is moving down the street, and there are several people standing nearby, watching the scene unfold.

In addition",Other/Irrelevant Description
67fde4bd3e2e120b363a8a99,/root/fiftyone/coco-2017/validation/data/000000439290.jpg,a banana tree with bananas hanging from it,Rotation+GaussianBlur,BLIP-2,A banana tree with bananas hanging from the branches,Ignored Perturbation
67fde4bd3e2e120b363a8a99,/root/fiftyone/coco-2017/validation/data/000000439290.jpg,a banana tree with bananas hanging from it,Rotation+GaussianBlur,LLaVA,"The image features a bunch of green bananas hanging from a tree. The bananas are in various stages of ripeness, with some appearing ripe and others still unripe. The bananas are scattered throughout the tree, with some closer",Other/Irrelevant Description
67fde4bd3e2e120b363a8a85,/root/fiftyone/coco-2017/validation/data/000000194216.jpg,a bear walking on a fallen tree,Rotation+GaussianBlur,BLIP-2,A bear is walking through a forest,Other/Irrelevant Description
67fde4bd3e2e120b363a8a85,/root/fiftyone/coco-2017/validation/data/000000194216.jpg,a bear walking on a fallen tree,Rotation+GaussianBlur,LLaVA,"The image features a group of bears in a forest setting. There are three bears in total, with one standing on a fallen tree and the other two standing nearby. The bears appear to be exploring the area, possibly searching for food",Other/Irrelevant Description
67fde4be3e2e120b363a8bd5,/root/fiftyone/coco-2017/validation/data/000000146825.jpg,a train on the tracks,Rotation+GaussianBlur,BLIP-2,a train,Ignored Perturbation
67fde4be3e2e120b363a8bd5,/root/fiftyone/coco-2017/validation/data/000000146825.jpg,a train on the tracks,Rotation+GaussianBlur,LLaVA,"The image features a red train traveling down the tracks, passing by a building. The train is quite large, occupying most of the scene. The train appears to be moving along the tracks, possibly near a station or a busy area. The",Ignored Perturbation
67fde4bd3e2e120b363a8a92,/root/fiftyone/coco-2017/validation/data/000000562121.jpg,two zebras fighting in the wild,Rotation+GaussianBlur,BLIP-2,A zebra and a wildebeest fighting,Other/Irrelevant Description
67fde4bd3e2e120b363a8a92,/root/fiftyone/coco-2017/validation/data/000000562121.jpg,two zebras fighting in the wild,Rotation+GaussianBlur,LLaVA,"The image captures a lively scene in a grassy field, where two zebras are fighting each other. The zebras are positioned close to each other, with one zebra on the left side of the image and the",Other/Irrelevant Description
67fde4bd3e2e120b363a8a74,/root/fiftyone/coco-2017/validation/data/000000257624.jpg,a little girl standing next to a soccer ball,Rotation+GaussianBlur,BLIP-2,A young girl standing in front of a soccer ball,Ignored Perturbation
67fde4bd3e2e120b363a8a74,/root/fiftyone/coco-2017/validation/data/000000257624.jpg,a little girl standing next to a soccer ball,Rotation+GaussianBlur,LLaVA,"The image features a young girl wearing a black jacket and a blue headband. She is standing in a grassy field, possibly playing or engaging in an outdoor activity. The girl appears to be enjoying her time outdoors",Other/Irrelevant Description
67fde4bd3e2e120b363a8a96,/root/fiftyone/coco-2017/validation/data/000000263425.jpg,two men in a backyard with a hot dog,Rotation+GaussianBlur,BLIP-2,a man and woman are preparing a pig in a truck,Other/Irrelevant Description
67fde4bd3e2e120b363a8a96,/root/fiftyone/coco-2017/validation/data/000000263425.jpg,two men in a backyard with a hot dog,Rotation+GaussianBlur,LLaVA,"The image features a man standing next to a truck, which has a pig inside of it. The pig is being cooked, and the man appears to be in charge of the process. The truck is parked in a yard",Other/Irrelevant Description
67fde4bd3e2e120b363a8aa0,/root/fiftyone/coco-2017/validation/data/000000475191.jpg,a woman playing tennis,Rotation+GaussianBlur,BLIP-2,A woman is playing tennis on a tennis court,Ignored Perturbation
67fde4bd3e2e120b363a8aa0,/root/fiftyone/coco-2017/validation/data/000000475191.jpg,a woman playing tennis,Rotation+GaussianBlur,LLaVA,"The image captures a female tennis player in action, swinging her tennis racket to hit the ball. She is wearing a white dress and appears to be in the middle of a match. The tennis ball is visible in the air, close",Other/Irrelevant Description
67fde4bd3e2e120b363a8a81,/root/fiftyone/coco-2017/validation/data/000000409475.jpg,two people on skis,Rotation+GaussianBlur,BLIP-2,A couple of people on skis,Ignored Perturbation
67fde4bd3e2e120b363a8a81,/root/fiftyone/coco-2017/validation/data/000000409475.jpg,two people on skis,Rotation+GaussianBlur,LLaVA,"The image features a man and a woman standing on a snow-covered slope, both wearing ski gear. They are posing for a picture, likely enjoying their time on the mountain. The woman is on the left side of the",Other/Irrelevant Description
67fde4bd3e2e120b363a88fd,/root/fiftyone/coco-2017/validation/data/000000048564.jpg,a boy talking on a cell phone,Rotation+GaussianBlur,BLIP-2,A boy is talking on a cell phone while standing in the snow,Ignored Perturbation
67fde4bd3e2e120b363a88fd,/root/fiftyone/coco-2017/validation/data/000000048564.jpg,a boy talking on a cell phone,Rotation+GaussianBlur,LLaVA,"The image features a young man wearing a black jacket and a hat, talking on his cell phone. He appears to be engaged in a conversation, possibly discussing his outfit or other topics. The man is standing in a snowy environment",Other/Irrelevant Description
67fde4bd3e2e120b363a8a8b,/root/fiftyone/coco-2017/validation/data/000000051738.jpg,a hotel room,Rotation+GaussianBlur,BLIP-2,A hotel room,Ignored Perturbation
67fde4bd3e2e120b363a8a8b,/root/fiftyone/coco-2017/validation/data/000000051738.jpg,a hotel room,Rotation+GaussianBlur,LLaVA,"The image features a large, well-made bed in a hotel room. The bed is situated in the center of the room, surrounded by a few chairs. There are two chairs on the left side of the bed, and another chair on",Other/Irrelevant Description
67fde4be3e2e120b363a8bc7,/root/fiftyone/coco-2017/validation/data/000000355677.jpg,a beach with a lifeguard stand and surfboard,Rotation+GaussianBlur,BLIP-2,A man with a surfboard on the beach,Other/Irrelevant Description
67fde4be3e2e120b363a8bc7,/root/fiftyone/coco-2017/validation/data/000000355677.jpg,a beach with a lifeguard stand and surfboard,Rotation+GaussianBlur,LLaVA,"The image features a beach scene with a yellow lifeguard chair and a yellow surfboard placed on the sand. The lifeguard chair is positioned closer to the water, while the surfboard is located further back on the beach.",Other/Irrelevant Description
67fde4bd3e2e120b363a8a6a,/root/fiftyone/coco-2017/validation/data/000000226592.jpg,a zebra print bed in a room,Rotation+GaussianBlur,BLIP-2,A zebra print bedspread,Other/Irrelevant Description
67fde4bd3e2e120b363a8a6a,/root/fiftyone/coco-2017/validation/data/000000226592.jpg,a zebra print bed in a room,Rotation+GaussianBlur,LLaVA,"The image features a bedroom with a bed that has a black and white zebra print on it. The bed is positioned in the center of the room, and there are two pillows on it, one on the left side and the",Ignored Perturbation
67fde4bd3e2e120b363a8a94,/root/fiftyone/coco-2017/validation/data/000000065798.jpg,a baseball game,Rotation+GaussianBlur,BLIP-2,A baseball game,Ignored Perturbation
67fde4bd3e2e120b363a8a94,/root/fiftyone/coco-2017/validation/data/000000065798.jpg,a baseball game,Rotation+GaussianBlur,LLaVA,"The image captures a baseball game in progress, with a crowd of people watching the game. The baseball players are actively participating in the game, with one player holding a baseball bat and another player wearing a baseball glove.",Ignored Perturbation
67fde4bd3e2e120b363a88e0,/root/fiftyone/coco-2017/validation/data/000000331817.jpg,a table with food on it,Rotation+GaussianBlur,BLIP-2,A person is preparing a meal,Other/Irrelevant Description
67fde4bd3e2e120b363a88e0,/root/fiftyone/coco-2017/validation/data/000000331817.jpg,a table with food on it,Rotation+GaussianBlur,LLaVA,"The image features a dining table filled with various foods and drinks. There are multiple bowls and cups placed on the table, along with a cake and a wine glass. A person is sitting at the table, possibly enjoying",Other/Irrelevant Description
67fde4bd3e2e120b363a8a7e,/root/fiftyone/coco-2017/validation/data/000000118209.jpg,two horses standing behind a fence,Rotation+GaussianBlur,BLIP-2,Two horses standing in a field,Ignored Perturbation
67fde4bd3e2e120b363a8a7e,/root/fiftyone/coco-2017/validation/data/000000118209.jpg,two horses standing behind a fence,Rotation+GaussianBlur,LLaVA,"The image features two horses standing next to each other in a grassy field. They are positioned close to a wire fence, which separates them from the rest of the field. The horses appear to be looking at something, possibly the camera",Other/Irrelevant Description
67fde4bd3e2e120b363a8a91,/root/fiftyone/coco-2017/validation/data/000000024567.jpg,a man holding a tray of hot dogs,Rotation+GaussianBlur,BLIP-2,A man is holding a tray of hot dogs,Ignored Perturbation
67fde4bd3e2e120b363a8a91,/root/fiftyone/coco-2017/validation/data/000000024567.jpg,a man holding a tray of hot dogs,Rotation+GaussianBlur,LLaVA,"The image features a man wearing a hat, standing next to a tray filled with a variety of hot dogs. There are at least 13 hot dogs on the tray, with some placed closer to the man and others further away.",Ignored Perturbation
67fde4bd3e2e120b363a8a7a,/root/fiftyone/coco-2017/validation/data/000000111086.jpg,a large cruise ship with many cars parked in front of it,Rotation+GaussianBlur,BLIP-2,a large cruise ship is parked in front of a large number of cars,Ignored Perturbation
67fde4bd3e2e120b363a8a7a,/root/fiftyone/coco-2017/validation/data/000000111086.jpg,a large cruise ship with many cars parked in front of it,Rotation+GaussianBlur,LLaVA,The image features a large white cruise ship docked at a pier. The ship is surrounded by numerous cars parked in a parking lot next to the pier. The cars are of various sizes and are parked in a way that they are,Ignored Perturbation
67fde4bd3e2e120b363a8a8c,/root/fiftyone/coco-2017/validation/data/000000153229.jpg,a group of people playing frisbee,Rotation+GaussianBlur,BLIP-2,A group of people playing frisbee,Ignored Perturbation
67fde4bd3e2e120b363a8a8c,/root/fiftyone/coco-2017/validation/data/000000153229.jpg,a group of people playing frisbee,Rotation+GaussianBlur,LLaVA,"The image captures a group of people playing a game of frisbee in a park. There are at least nine people in the scene, with some of them actively participating in the game, while others are watching or waiting for their",Other/Irrelevant Description
67fde4bd3e2e120b363a8a71,/root/fiftyone/coco-2017/validation/data/000000065485.jpg,a dog sitting in the back of a truck,Rotation+GaussianBlur,BLIP-2,This is a picture of a red jeep with a black roof,Other/Irrelevant Description
67fde4bd3e2e120b363a8a71,/root/fiftyone/coco-2017/validation/data/000000065485.jpg,a dog sitting in the back of a truck,Rotation+GaussianBlur,LLaVA,"The image features a red and grey truck parked in a grassy field. The truck has a dog sitting in the back window, enjoying the ride. The dog appears to be a large breed, possibly a German Shepherd",Other/Irrelevant Description
67fde4bd3e2e120b363a8a9a,/root/fiftyone/coco-2017/validation/data/000000460841.jpg,a person holding a bottle of water,Rotation+GaussianBlur,BLIP-2,A person holding a bottle of water and a cat sitting on the floor,Ignored Perturbation
67fde4bd3e2e120b363a8a9a,/root/fiftyone/coco-2017/validation/data/000000460841.jpg,a person holding a bottle of water,Rotation+GaussianBlur,LLaVA,"The image features a black cat sitting on the floor next to a door. The cat appears to be looking at something, possibly a person or another animal. The scene takes place in a bathroom, as evidenced by the presence of a to",Other/Irrelevant Description
67fde4be3e2e120b363a8bc8,/root/fiftyone/coco-2017/validation/data/000000338191.jpg,a fire hydrant with different colors,Rotation+GaussianBlur,BLIP-2,This image is a collage of fire hydrants painted in different colors,Other/Irrelevant Description
67fde4be3e2e120b363a8bc8,/root/fiftyone/coco-2017/validation/data/000000338191.jpg,a fire hydrant with different colors,Rotation+GaussianBlur,LLaVA,"The image features a collection of fire hydrants in various colors and styles. There are at least 13 fire hydrants displayed in the scene, with some of them being painted in different colors. The fire hydrants are placed in",Other/Irrelevant Description
67fde4be3e2e120b363a8bc5,/root/fiftyone/coco-2017/validation/data/000000369442.jpg,a street scene,Rotation+GaussianBlur,BLIP-2,A group of people and animals in a rural area,Other/Irrelevant Description
67fde4be3e2e120b363a8bc5,/root/fiftyone/coco-2017/validation/data/000000369442.jpg,a street scene,Rotation+GaussianBlur,LLaVA,"The image depicts a group of people standing in a dirt field, surrounded by a herd of sheep. There are at least 13 people in the scene, some of them standing closer to the sheep, while others are positioned",Other/Irrelevant Description
67fde4bd3e2e120b363a8a83,/root/fiftyone/coco-2017/validation/data/000000314264.jpg,a man putting flowers in a vase,Rotation+GaussianBlur,BLIP-2,A man is placing flowers in a vase,Ignored Perturbation
67fde4bd3e2e120b363a8a83,/root/fiftyone/coco-2017/validation/data/000000314264.jpg,a man putting flowers in a vase,Rotation+GaussianBlur,LLaVA,"The image features a man wearing a blue shirt, standing in front of a monument. He is holding a vase with flowers in it, adding a touch of beauty to the scene. The man appears to be admiring the monument, possibly",Other/Irrelevant Description
67fde4bd3e2e120b363a8a9b,/root/fiftyone/coco-2017/validation/data/000000548780.jpg,two women sitting on a bench,Rotation+GaussianBlur,BLIP-2,Two women sitting on a bench,Ignored Perturbation
67fde4bd3e2e120b363a8a9b,/root/fiftyone/coco-2017/validation/data/000000548780.jpg,two women sitting on a bench,Rotation+GaussianBlur,LLaVA,"The image features two women sitting on a park bench, enjoying their time together. They are both smoking cigarettes, with one of them holding a cigarette in her hand. The women are positioned close to each other",Other/Irrelevant Description
67fde4bd3e2e120b363a8a70,/root/fiftyone/coco-2017/validation/data/000000508730.jpg,two naked toddlers sitting on a toilet,Rotation+GaussianBlur,BLIP-2,Two children in a bathroom,Other/Irrelevant Description
67fde4bd3e2e120b363a8a70,/root/fiftyone/coco-2017/validation/data/000000508730.jpg,two naked toddlers sitting on a toilet,Rotation+GaussianBlur,LLaVA,"The image features two young children sitting in a bathroom, both of them naked. They are sitting on chairs, possibly in a shower area. The children appear to be playing or enjoying their time together.

There are two",Other/Irrelevant Description
67fde4bd3e2e120b363a8a6f,/root/fiftyone/coco-2017/validation/data/000000053994.jpg,a parking meter,Rotation+GaussianBlur,BLIP-2,A parking meter,Ignored Perturbation
67fde4bd3e2e120b363a8a6f,/root/fiftyone/coco-2017/validation/data/000000053994.jpg,a parking meter,Rotation+GaussianBlur,LLaVA,"The image features a parking meter on the sidewalk, with a sign on it that reads ""Denver's Road Home."" The parking meter is located near a building, and there is a small bush in the foreground. The scene",Other/Irrelevant Description
67fde4bd3e2e120b363a8a7d,/root/fiftyone/coco-2017/validation/data/000000165500.jpg,bears grazing on grass,Rotation+GaussianBlur,BLIP-2,A bear is eating grass,Other/Irrelevant Description
67fde4bd3e2e120b363a8a7d,/root/fiftyone/coco-2017/validation/data/000000165500.jpg,bears grazing on grass,Rotation+GaussianBlur,LLaVA,"The image features a group of four bears in a lush green field. The bears are scattered throughout the scene, with some standing closer to the foreground and others further back. The bears appear to be grazing on the grass,",Other/Irrelevant Description
67fde4bd3e2e120b363a8a77,/root/fiftyone/coco-2017/validation/data/000000410510.jpg,a man playing tennis on a tennis court,Rotation+GaussianBlur,BLIP-2,A tennis player is about to hit a ball,Other/Irrelevant Description
67fde4bd3e2e120b363a8a77,/root/fiftyone/coco-2017/validation/data/000000410510.jpg,a man playing tennis on a tennis court,Rotation+GaussianBlur,LLaVA,"The image captures a man playing tennis on a court. He is in the middle of a swing, holding a tennis racket and preparing to hit the ball. The tennis ball is in the air, close to the man's racket",Ignored Perturbation
67fde4bd3e2e120b363a8a6d,/root/fiftyone/coco-2017/validation/data/000000144300.jpg,a motorcycle,Rotation+GaussianBlur,BLIP-2,"This image is of a red, white and blue motorcycle",Other/Irrelevant Description
67fde4bd3e2e120b363a8a6d,/root/fiftyone/coco-2017/validation/data/000000144300.jpg,a motorcycle,Rotation+GaussianBlur,LLaVA,"The image features a red and white motorcycle parked in a parking lot. The motorcycle is prominently displayed in the foreground, occupying a significant portion of the scene.

In the background, there is a truck",Other/Irrelevant Description
67fde4bd3e2e120b363a88fe,/root/fiftyone/coco-2017/validation/data/000000493799.jpg,a plate of food,Rotation+GaussianBlur,BLIP-2,A plate of food,Ignored Perturbation
67fde4bd3e2e120b363a88fe,/root/fiftyone/coco-2017/validation/data/000000493799.jpg,a plate of food,Rotation+GaussianBlur,LLaVA,"The image features a white plate filled with a variety of food items. The plate is topped with a delicious-looking steak, accompanied by a generous portion of vegetables. There are several carrots scattered across the plate, with",Other/Irrelevant Description
67fde4be3e2e120b363a8bb8,/root/fiftyone/coco-2017/validation/data/000000157098.jpg,two giraffes in a field,Rotation+GaussianBlur,BLIP-2,two giraffes,Ignored Perturbation
67fde4be3e2e120b363a8bb8,/root/fiftyone/coco-2017/validation/data/000000157098.jpg,two giraffes in a field,Rotation+GaussianBlur,LLaVA,"The image features two giraffes standing next to each other in a grassy field. They are positioned close to the foreground, with one giraffe slightly to the left of the other. The giraffes appear to be",Other/Irrelevant Description
67fde4bd3e2e120b363a8a95,/root/fiftyone/coco-2017/validation/data/000000540414.jpg,a street market,Rotation+GaussianBlur,BLIP-2,A group of people sitting around a table,Other/Irrelevant Description
67fde4bd3e2e120b363a8a95,/root/fiftyone/coco-2017/validation/data/000000540414.jpg,a street market,Rotation+GaussianBlur,LLaVA,"The image depicts a lively outdoor market scene with a group of people gathered around a dining table. The table is filled with various food items, including several bowls and a couple of bottles. The people are sitting and standing",Other/Irrelevant Description
67fde4be3e2e120b363a8bd1,/root/fiftyone/coco-2017/validation/data/000000234660.jpg,a train,Rotation+GaussianBlur,BLIP-2,A train on a track,Ignored Perturbation
67fde4be3e2e120b363a8bd1,/root/fiftyone/coco-2017/validation/data/000000234660.jpg,a train,Rotation+GaussianBlur,LLaVA,"The image features two white passenger trains parked side by side on a train track. The trains are positioned close to each other, with one train slightly ahead of the other. The trains appear to be in a station or a train yard, as",Other/Irrelevant Description
67fde4be3e2e120b363a8bd4,/root/fiftyone/coco-2017/validation/data/000000578922.jpg,a bathroom,Rotation+GaussianBlur,BLIP-2,A vase of red flowers,Other/Irrelevant Description
67fde4be3e2e120b363a8bd4,/root/fiftyone/coco-2017/validation/data/000000578922.jpg,a bathroom,Rotation+GaussianBlur,LLaVA,"The image features a vase filled with a variety of flowers, placed on a table. The vase is positioned in the center of the scene, surrounded by the colorful flowers. The flowers are of different sizes and colors, creating a vis",Other/Irrelevant Description
67fde4bd3e2e120b363a8a73,/root/fiftyone/coco-2017/validation/data/000000474039.jpg,a baby,Rotation+GaussianBlur,BLIP-2,A baby is holding a teddy bear,Other/Irrelevant Description
67fde4bd3e2e120b363a8a73,/root/fiftyone/coco-2017/validation/data/000000474039.jpg,a baby,Rotation+GaussianBlur,LLaVA,"The image features a baby sitting on a bed, surrounded by stuffed animals. The baby is holding a teddy bear in their lap, and there are two other teddy bears nearby. One teddy bear is placed on the left side of",Other/Irrelevant Description
67fde4bd3e2e120b363a8a76,/root/fiftyone/coco-2017/validation/data/000000531707.jpg,three people sitting on a bench,Rotation+GaussianBlur,BLIP-2,A group of people sitting on a bench,Ignored Perturbation
67fde4bd3e2e120b363a8a76,/root/fiftyone/coco-2017/validation/data/000000531707.jpg,three people sitting on a bench,Rotation+GaussianBlur,LLaVA,"The image features a group of four people sitting on a bench, enjoying the view of the ocean. They are all facing the water, likely taking in the serene atmosphere. The bench is located near the water, providing a perfect spot",Other/Irrelevant Description
67fde4be3e2e120b363a8bb7,/root/fiftyone/coco-2017/validation/data/000000472046.jpg,a kitchen and living room with a view of the ocean,Rotation+GaussianBlur,BLIP-2,A kitchen with a view,Ignored Perturbation
67fde4be3e2e120b363a8bb7,/root/fiftyone/coco-2017/validation/data/000000472046.jpg,a kitchen and living room with a view of the ocean,Rotation+GaussianBlur,LLaVA,"The image showcases a large, well-lit kitchen with a modern design. The kitchen features a center island with a stove top oven, a sink, and a dining table. The dining table is surrounded by chairs, and",Other/Irrelevant Description
67fde4be3e2e120b363a8bca,/root/fiftyone/coco-2017/validation/data/000000323828.jpg,a train on the tracks,Rotation+GaussianBlur,BLIP-2,A train on the tracks,Ignored Perturbation
67fde4be3e2e120b363a8bca,/root/fiftyone/coco-2017/validation/data/000000323828.jpg,a train on the tracks,Rotation+GaussianBlur,LLaVA,"The image features a train traveling down the tracks, with a total of 11 cars visible. The train is moving along the tracks, and the cars are arranged in a line. The train appears to be a long cargo train, and it",Ignored Perturbation
67fde4bd3e2e120b363a88ff,/root/fiftyone/coco-2017/validation/data/000000462728.jpg,a surfer riding a wave,Rotation+GaussianBlur,BLIP-2,A dog is riding a surfboard in the ocean,Other/Irrelevant Description
67fde4bd3e2e120b363a88ff,/root/fiftyone/coco-2017/validation/data/000000462728.jpg,a surfer riding a wave,Rotation+GaussianBlur,LLaVA,"The image captures a man riding a surfboard on a wave in the ocean. He is skillfully navigating the water, showcasing his surfing abilities. The surfer is the main focus of the scene, with",Other/Irrelevant Description
67fde4bd3e2e120b363a8a90,/root/fiftyone/coco-2017/validation/data/000000507797.jpg,a group of people boarding a bus,Rotation+GaussianBlur,BLIP-2,A group of people waiting for a bus,Ignored Perturbation
67fde4bd3e2e120b363a8a90,/root/fiftyone/coco-2017/validation/data/000000507797.jpg,a group of people boarding a bus,Rotation+GaussianBlur,LLaVA,"The image features a group of people standing outside a bus, likely waiting to board. There are at least nine people visible in the scene, with some standing closer to the bus and others further away.

The bus is parked in the background",Other/Irrelevant Description
67fde4be3e2e120b363a8bd2,/root/fiftyone/coco-2017/validation/data/000000568710.jpg,a living room with a fireplace and a couch,Rotation+GaussianBlur,BLIP-2,"A living room with a fireplace, a couch, a rug, a chair, a table, a chair, a lamp, a door, a window, a window shade, a window, a window shade, a window, a window shade, a",Other/Irrelevant Description
67fde4be3e2e120b363a8bd2,/root/fiftyone/coco-2017/validation/data/000000568710.jpg,a living room with a fireplace and a couch,Rotation+GaussianBlur,LLaVA,"The image features a cozy living room with a fireplace and a couch placed in the center. The room is decorated with various items, including a potted plant, a vase, and a couple of books. There is also a",Other/Irrelevant Description
67fde4bd3e2e120b363a8a9f,/root/fiftyone/coco-2017/validation/data/000000396205.jpg,two cows in a field,Rotation+GaussianBlur,BLIP-2,Two cows grazing in a field,Ignored Perturbation
67fde4bd3e2e120b363a8a9f,/root/fiftyone/coco-2017/validation/data/000000396205.jpg,two cows in a field,Rotation+GaussianBlur,LLaVA,"The image features two brown cows standing in a grassy field. They are positioned close to each other, with one cow slightly to the left of the other. The cows appear to be grazing on the grass, enjoying their time",Other/Irrelevant Description
67fde4be3e2e120b363a8bc9,/root/fiftyone/coco-2017/validation/data/000000464251.jpg,a bird sitting on a railing,Rotation+GaussianBlur,BLIP-2,A cardinal is perched on a fence post in a wooded area,Other/Irrelevant Description
67fde4be3e2e120b363a8bc9,/root/fiftyone/coco-2017/validation/data/000000464251.jpg,a bird sitting on a railing,Rotation+GaussianBlur,LLaVA,"The image features a red bird perched on a wooden ledge or a wooden fence. The bird is sitting on the edge of the wooden structure, possibly a deck or a fence. The scene is set in a garden, with a p",Other/Irrelevant Description
67fde4be3e2e120b363a8bd0,/root/fiftyone/coco-2017/validation/data/000000365208.jpg,a wedding on the beach with a bird cage,Rotation+GaussianBlur,BLIP-2,a man in a white shirt and a white hat stands under a white canopy with a bird cage on the beach,Other/Irrelevant Description
67fde4be3e2e120b363a8bd0,/root/fiftyone/coco-2017/validation/data/000000365208.jpg,a wedding on the beach with a bird cage,Rotation+GaussianBlur,LLaVA,"The image features a person standing under a white canopy, which is set up on a beach. The person appears to be enjoying the outdoor setting. There are two chairs in the scene, one located near the person and the other further",Other/Irrelevant Description
67fde4bd3e2e120b363a8a88,/root/fiftyone/coco-2017/validation/data/000000374052.jpg,a man sitting on a bench with pigeons around him,Rotation+GaussianBlur,BLIP-2,A man sitting on a bench with pigeons around him,Ignored Perturbation
67fde4bd3e2e120b363a8a88,/root/fiftyone/coco-2017/validation/data/000000374052.jpg,a man sitting on a bench with pigeons around him,Rotation+GaussianBlur,LLaVA,"The image features a man sitting on a green park bench, surrounded by a flock of pigeons. The birds are scattered around the bench, with some perched on the bench itself and others nearby. The man appears to be",Ignored Perturbation
67fde4be3e2e120b363a8bcb,/root/fiftyone/coco-2017/validation/data/000000485895.jpg,a giraffe,Rotation+GaussianBlur,BLIP-2,A giraffe standing in a field,Other/Irrelevant Description
67fde4be3e2e120b363a8bcb,/root/fiftyone/coco-2017/validation/data/000000485895.jpg,a giraffe,Rotation+GaussianBlur,LLaVA,"The image features a giraffe standing in a grassy field, surrounded by trees. The giraffe is positioned towards the right side of the image. The field appears to be a part of a zoo, as there are several other animals",Other/Irrelevant Description
67fde4be3e2e120b363a8bbb,/root/fiftyone/coco-2017/validation/data/000000267191.jpg,a man riding an elephant,Rotation+GaussianBlur,BLIP-2,A man riding an elephant,Ignored Perturbation
67fde4be3e2e120b363a8bbb,/root/fiftyone/coco-2017/validation/data/000000267191.jpg,a man riding an elephant,Rotation+GaussianBlur,LLaVA,"The image features a man riding on the back of an elephant. The elephant is large and occupies a significant portion of the scene. The man appears to be enjoying the experience, as he sits comfortably on the",Ignored Perturbation
67fde4be3e2e120b363a8bc3,/root/fiftyone/coco-2017/validation/data/000000102644.jpg,a bathroom with a toilet and a shower,Rotation+GaussianBlur,BLIP-2,A bathroom with a toilet and a shower,Ignored Perturbation
67fde4be3e2e120b363a8bc3,/root/fiftyone/coco-2017/validation/data/000000102644.jpg,a bathroom with a toilet and a shower,Rotation+GaussianBlur,LLaVA,"The image features a bathroom with a white toilet sitting under a window. The toilet is positioned in the center of the room, and the window allows natural light to enter the space. The bathroom appears to be well-",Other/Irrelevant Description
67fde4be3e2e120b363a8bc1,/root/fiftyone/coco-2017/validation/data/000000431693.jpg,a man playing tennis,Rotation+GaussianBlur,BLIP-2,A man is playing tennis,Ignored Perturbation
67fde4be3e2e120b363a8bc1,/root/fiftyone/coco-2017/validation/data/000000431693.jpg,a man playing tennis,Rotation+GaussianBlur,LLaVA,"The image features a man playing tennis on a court. He is in the middle of a swing, holding a tennis racket and preparing to hit the ball. The tennis ball is in the air, close to the man's racket.",Other/Irrelevant Description
67fde4bd3e2e120b363a8a98,/root/fiftyone/coco-2017/validation/data/000000413689.jpg,two people standing on a street corner,Rotation+GaussianBlur,BLIP-2,A couple of people walking down the street with umbrellas,Other/Irrelevant Description
67fde4bd3e2e120b363a8a98,/root/fiftyone/coco-2017/validation/data/000000413689.jpg,two people standing on a street corner,Rotation+GaussianBlur,LLaVA,"The image features a group of people standing on a city street, with some of them holding umbrellas. There are at least five people in the scene, with one person holding an umbrella on the left side, another person on the",Other/Irrelevant Description
67fde4be3e2e120b363a8bd3,/root/fiftyone/coco-2017/validation/data/000000206025.jpg,a man in a suit and tie,Rotation+GaussianBlur,BLIP-2,A man in a suit and tie standing in front of a palm tree,Ignored Perturbation
67fde4be3e2e120b363a8bd3,/root/fiftyone/coco-2017/validation/data/000000206025.jpg,a man in a suit and tie,Rotation+GaussianBlur,LLaVA,"The image features a man wearing a suit and tie, standing in front of a palm tree. He is wearing glasses and appears to be a businessman. The man is the main focus of the scene, and he is positioned",Other/Irrelevant Description
67fde4be3e2e120b363a8bbd,/root/fiftyone/coco-2017/validation/data/000000148739.jpg,a surfer riding a wave,Rotation+GaussianBlur,BLIP-2,A surfer rides a wave,Ignored Perturbation
67fde4be3e2e120b363a8bbd,/root/fiftyone/coco-2017/validation/data/000000148739.jpg,a surfer riding a wave,Rotation+GaussianBlur,LLaVA,"The image captures a person skillfully riding a wave on a surfboard. The surfer is positioned in the center of the scene, with the surfboard beneath them. The wave is large and powerful, providing an exciting",Other/Irrelevant Description
