sample_id,filepath,clean_caption,misleading_caption,original_word,misleading_word,model,raw_output,answer_part,category
67fde4be3e2e120b363a8bb6,/root/fiftyone/coco-2017/validation/data/000000384527.jpg,"a room with a table, chairs, and a tv","a room with a chair, chairs, and a tv",table,chair,,,,Processing Error
67fde4be3e2e120b363a8bb6,/root/fiftyone/coco-2017/validation/data/000000384527.jpg,"a room with a table, chairs, and a tv","a room with a chair, chairs, and a tv",table,chair,LLaVA,,,Processing Error
67fde4bd3e2e120b363a8a97,/root/fiftyone/coco-2017/validation/data/000000469246.jpg,a train at a train station,a airplane at a train station,train,airplane,,,,Processing Error
67fde4bd3e2e120b363a8a97,/root/fiftyone/coco-2017/validation/data/000000469246.jpg,a train at a train station,a airplane at a train station,train,airplane,LLaVA,,,Processing Error
67fde4bd3e2e120b363a8aa1,/root/fiftyone/coco-2017/validation/data/000000405205.jpg,a bus parked in a lot,a car parked in a lot,bus,car,,,,Processing Error
67fde4bd3e2e120b363a8aa1,/root/fiftyone/coco-2017/validation/data/000000405205.jpg,a bus parked in a lot,a car parked in a lot,bus,car,LLaVA,,,Processing Error
67fde4bd3e2e120b363a8a7b,/root/fiftyone/coco-2017/validation/data/000000109992.jpg,a person walking in the snow,a person running in the snow,walking,running,,,,Processing Error
67fde4bd3e2e120b363a8a7b,/root/fiftyone/coco-2017/validation/data/000000109992.jpg,a person walking in the snow,a person running in the snow,walking,running,LLaVA,,,Processing Error
67fde4bd3e2e120b363a8a7f,/root/fiftyone/coco-2017/validation/data/000000443426.jpg,a man sitting in a chair,a man standing in a chair,sitting,standing,,,,Processing Error
67fde4bd3e2e120b363a8a7f,/root/fiftyone/coco-2017/validation/data/000000443426.jpg,a man sitting in a chair,a man standing in a chair,sitting,standing,LLaVA,,,Processing Error
67fde4be3e2e120b363a8bd7,/root/fiftyone/coco-2017/validation/data/000000411774.jpg,a woman holding a tennis racket,a man holding a tennis racket,woman,man,,,,Processing Error
67fde4be3e2e120b363a8bd7,/root/fiftyone/coco-2017/validation/data/000000411774.jpg,a woman holding a tennis racket,a man holding a tennis racket,woman,man,LLaVA,,,Processing Error
67fde4bd3e2e120b363a8a8a,/root/fiftyone/coco-2017/validation/data/000000563470.jpg,a person bending over to pick up a blue stick,a person bending over to pick up a red stick,blue,red,,,,Processing Error
67fde4bd3e2e120b363a8a8a,/root/fiftyone/coco-2017/validation/data/000000563470.jpg,a person bending over to pick up a blue stick,a person bending over to pick up a red stick,blue,red,LLaVA,,,Processing Error
67fde4bd3e2e120b363a88fb,/root/fiftyone/coco-2017/validation/data/000000502136.jpg,a door with a plaque on it,a door with a plaque under it,on,under,,,,Processing Error
67fde4bd3e2e120b363a88fb,/root/fiftyone/coco-2017/validation/data/000000502136.jpg,a door with a plaque on it,a door with a plaque under it,on,under,LLaVA,,,Processing Error
67fde4be3e2e120b363a8bc4,/root/fiftyone/coco-2017/validation/data/000000009590.jpg,a group of people sitting around a table,a group of people standing around a table,sitting,standing,,,,Processing Error
67fde4be3e2e120b363a8bc4,/root/fiftyone/coco-2017/validation/data/000000009590.jpg,a group of people sitting around a table,a group of people standing around a table,sitting,standing,LLaVA,,,Processing Error
67fde4bd3e2e120b363a8a79,/root/fiftyone/coco-2017/validation/data/000000564280.jpg,a dog sitting on a couch,a dog sitting under a couch,on,under,,,,Processing Error
67fde4bd3e2e120b363a8a79,/root/fiftyone/coco-2017/validation/data/000000564280.jpg,a dog sitting on a couch,a dog sitting under a couch,on,under,LLaVA,,,Processing Error
67fde4bd3e2e120b363a8a6b,/root/fiftyone/coco-2017/validation/data/000000130586.jpg,a boy playing with a kite,a girl playing with a kite,boy,girl,BLIP-2,"No, this is a boy playing with a kite","No, this is a boy playing with a kite",Correct Rejection
67fde4bd3e2e120b363a8a6b,/root/fiftyone/coco-2017/validation/data/000000130586.jpg,a boy playing with a kite,a girl playing with a kite,boy,girl,LLaVA,"No, this is a young boy playing with a kite.","No, this is a young boy playing with a kite.",Correct Rejection
67fde4bd3e2e120b363a8a89,/root/fiftyone/coco-2017/validation/data/000000488385.jpg,a motorcycle parked on the side of a street,a motorcycle parked under the side of a street,on,under,,,,Processing Error
67fde4bd3e2e120b363a8a89,/root/fiftyone/coco-2017/validation/data/000000488385.jpg,a motorcycle parked on the side of a street,a motorcycle parked under the side of a street,on,under,LLaVA,,,Processing Error
67fde4be3e2e120b363a8bb5,/root/fiftyone/coco-2017/validation/data/000000148508.jpg,a red double decker bus,a red double decker car,bus,car,,,,Processing Error
67fde4be3e2e120b363a8bb5,/root/fiftyone/coco-2017/validation/data/000000148508.jpg,a red double decker bus,a red double decker car,bus,car,LLaVA,,,Processing Error
67fde4bd3e2e120b363a8a72,/root/fiftyone/coco-2017/validation/data/000000246968.jpg,a woman in a kitchen preparing food,a man in a kitchen preparing food,woman,man,BLIP-2,"No, it is a woman","No, it is a woman",Correct Rejection
67fde4bd3e2e120b363a8a72,/root/fiftyone/coco-2017/validation/data/000000246968.jpg,a woman in a kitchen preparing food,a man in a kitchen preparing food,woman,man,LLaVA,"No, this is a woman in a kitchen preparing food.","No, this is a woman in a kitchen preparing food.",Correct Rejection
67fde4bd3e2e120b363a8a84,/root/fiftyone/coco-2017/validation/data/000000270474.jpg,a little girl holding a baseball bat,a little boy holding a baseball bat,girl,boy,,,,Processing Error
67fde4bd3e2e120b363a8a84,/root/fiftyone/coco-2017/validation/data/000000270474.jpg,a little girl holding a baseball bat,a little boy holding a baseball bat,girl,boy,LLaVA,,,Processing Error
67fde4bd3e2e120b363a8a8f,/root/fiftyone/coco-2017/validation/data/000000170474.jpg,a man playing tennis,a woman playing tennis,man,woman,BLIP-2,"No, this is a man playing tennis","No, this is a man playing tennis",Correct Rejection
67fde4bd3e2e120b363a8a8f,/root/fiftyone/coco-2017/validation/data/000000170474.jpg,a man playing tennis,a woman playing tennis,man,woman,LLaVA,"No, this is a man playing tennis.","No, this is a man playing tennis.",Correct Rejection
67fde4bd3e2e120b363a8a9e,/root/fiftyone/coco-2017/validation/data/000000423971.jpg,a toilet with a light on it,a toilet with a light under it,on,under,,,,Processing Error
67fde4bd3e2e120b363a8a9e,/root/fiftyone/coco-2017/validation/data/000000423971.jpg,a toilet with a light on it,a toilet with a light under it,on,under,LLaVA,,,Processing Error
67fde4bd3e2e120b363a8a7c,/root/fiftyone/coco-2017/validation/data/000000383842.jpg,a woman playing a video game,a man playing a video game,woman,man,BLIP-2,"No, it's a woman","No, it's a woman",Correct Rejection
67fde4bd3e2e120b363a8a7c,/root/fiftyone/coco-2017/validation/data/000000383842.jpg,a woman playing a video game,a man playing a video game,woman,man,LLaVA,"No, this is a woman playing a video game.","No, this is a woman playing a video game.",Correct Rejection
67fde4be3e2e120b363a8bbc,/root/fiftyone/coco-2017/validation/data/000000327890.jpg,a park bench with a tree in the background,a park bench with a building in the background,tree,building,,,,Processing Error
67fde4be3e2e120b363a8bbc,/root/fiftyone/coco-2017/validation/data/000000327890.jpg,a park bench with a tree in the background,a park bench with a building in the background,tree,building,LLaVA,,,Processing Error
67fde4be3e2e120b363a8bd6,/root/fiftyone/coco-2017/validation/data/000000440184.jpg,a couple of people playing tennis on a court,a couple of people playing tennis under a court,on,under,,,,Processing Error
67fde4be3e2e120b363a8bd6,/root/fiftyone/coco-2017/validation/data/000000440184.jpg,a couple of people playing tennis on a court,a couple of people playing tennis under a court,on,under,LLaVA,,,Processing Error
67fde4be3e2e120b363a8bcf,/root/fiftyone/coco-2017/validation/data/000000560911.jpg,a man sitting on a couch,a man sitting under a couch,on,under,,,,Processing Error
67fde4be3e2e120b363a8bcf,/root/fiftyone/coco-2017/validation/data/000000560911.jpg,a man sitting on a couch,a man sitting under a couch,on,under,LLaVA,,,Processing Error
67fde4bd3e2e120b363a8a8e,/root/fiftyone/coco-2017/validation/data/000000168337.jpg,a man standing outside of a building,a man sitting outside of a building,standing,sitting,,,,Processing Error
67fde4bd3e2e120b363a8a8e,/root/fiftyone/coco-2017/validation/data/000000168337.jpg,a man standing outside of a building,a man sitting outside of a building,standing,sitting,LLaVA,,,Processing Error
67fde4bd3e2e120b363a8a80,/root/fiftyone/coco-2017/validation/data/000000090062.jpg,a cow standing in front of a pile of wood,a cow sitting in front of a pile of wood,standing,sitting,,,,Processing Error
67fde4bd3e2e120b363a8a80,/root/fiftyone/coco-2017/validation/data/000000090062.jpg,a cow standing in front of a pile of wood,a cow sitting in front of a pile of wood,standing,sitting,LLaVA,,,Processing Error
67fde4bd3e2e120b363a8a93,/root/fiftyone/coco-2017/validation/data/000000488251.jpg,a man standing next to a horse,a man sitting next to a horse,standing,sitting,,,,Processing Error
67fde4bd3e2e120b363a8a93,/root/fiftyone/coco-2017/validation/data/000000488251.jpg,a man standing next to a horse,a man sitting next to a horse,standing,sitting,LLaVA,,,Processing Error
67fde4be3e2e120b363a8bcd,/root/fiftyone/coco-2017/validation/data/000000545826.jpg,a cat,a dog,cat,dog,BLIP-2,"No, it's a cat","No, it's a cat",Correct Rejection
67fde4be3e2e120b363a8bb6,/root/fiftyone/coco-2017/validation/data/000000384527.jpg,"a room with a table, chairs, and a tv","a room with a chair, chairs, and a tv",table,chair,BLIP-2,Yes,Yes,Confusion/Irrelevance
67fde4be3e2e120b363a8bb6,/root/fiftyone/coco-2017/validation/data/000000384527.jpg,"a room with a table, chairs, and a tv","a room with a chair, chairs, and a tv",table,chair,LLaVA,"Yes, this is a room with a chair, chairs, and a television. The room also features a dining table and a vase with flowers on it.","Yes, this is a room with a chair, chairs, and a television. The room also features a dining table and a vase with flowers on it.",Agreement with Falsehood
67fde4bd3e2e120b363a8a97,/root/fiftyone/coco-2017/validation/data/000000469246.jpg,a train at a train station,a airplane at a train station,train,airplane,BLIP-2,No,No,Confusion/Irrelevance
67fde4bd3e2e120b363a8a97,/root/fiftyone/coco-2017/validation/data/000000469246.jpg,a train at a train station,a airplane at a train station,train,airplane,LLaVA,"No, this is not an airplane at a train station. It is a train station with a train on the tracks.","No, this is not an airplane at a train station. It is a train station with a train on the tracks.",Correct Rejection
67fde4bd3e2e120b363a8aa1,/root/fiftyone/coco-2017/validation/data/000000405205.jpg,a bus parked in a lot,a car parked in a lot,bus,car,BLIP-2,Yes,Yes,Confusion/Irrelevance
67fde4bd3e2e120b363a8aa1,/root/fiftyone/coco-2017/validation/data/000000405205.jpg,a bus parked in a lot,a car parked in a lot,bus,car,LLaVA,"No, this is not a car parked in a lot. It is a large bus parked in a lot.","No, this is not a car parked in a lot. It is a large bus parked in a lot.",Correct Rejection
67fde4bd3e2e120b363a8a7b,/root/fiftyone/coco-2017/validation/data/000000109992.jpg,a person walking in the snow,a person running in the snow,walking,running,BLIP-2,Yes,Yes,Confusion/Irrelevance
67fde4bd3e2e120b363a8a7b,/root/fiftyone/coco-2017/validation/data/000000109992.jpg,a person walking in the snow,a person running in the snow,walking,running,LLaVA,"No, this is not a person running in the snow. It is a snowy scene with a house, trees, and a snowy path. The image also shows a snowy hill and a snowy road.","No, this is not a person running in the snow. It is a snowy scene with a house, trees, and a snowy path. The image also shows a snowy hill and a snowy road.",Correct Rejection
67fde4bd3e2e120b363a8a7f,/root/fiftyone/coco-2017/validation/data/000000443426.jpg,a man sitting in a chair,a man standing in a chair,sitting,standing,BLIP-2,Yes,Yes,Confusion/Irrelevance
67fde4bd3e2e120b363a8a7f,/root/fiftyone/coco-2017/validation/data/000000443426.jpg,a man sitting in a chair,a man standing in a chair,sitting,standing,LLaVA,"No, this is not a man standing in a chair. The image shows a man sitting in a chair, wearing a white shirt and a tie.","No, this is not a man standing in a chair. The image shows a man sitting in a chair, wearing a white shirt and a tie.",Correct Rejection
67fde4be3e2e120b363a8bd7,/root/fiftyone/coco-2017/validation/data/000000411774.jpg,a woman holding a tennis racket,a man holding a tennis racket,woman,man,BLIP-2,Yes,Yes,Confusion/Irrelevance
67fde4be3e2e120b363a8bd7,/root/fiftyone/coco-2017/validation/data/000000411774.jpg,a woman holding a tennis racket,a man holding a tennis racket,woman,man,LLaVA,"No, this is not a man holding a tennis racket. The image shows a woman holding a tennis racket.","No, this is not a man holding a tennis racket. The image shows a woman holding a tennis racket.",Correct Rejection
67fde4bd3e2e120b363a8a8a,/root/fiftyone/coco-2017/validation/data/000000563470.jpg,a person bending over to pick up a blue stick,a person bending over to pick up a red stick,blue,red,BLIP-2,Yes,Yes,Confusion/Irrelevance
67fde4bd3e2e120b363a8a8a,/root/fiftyone/coco-2017/validation/data/000000563470.jpg,a person bending over to pick up a blue stick,a person bending over to pick up a red stick,blue,red,LLaVA,"Yes, the person is bending over to pick up a red stick.","Yes, the person is bending over to pick up a red stick.",Agreement with Falsehood
67fde4bd3e2e120b363a88fb,/root/fiftyone/coco-2017/validation/data/000000502136.jpg,a door with a plaque on it,a door with a plaque under it,on,under,BLIP-2,Yes,Yes,Confusion/Irrelevance
67fde4bd3e2e120b363a88fb,/root/fiftyone/coco-2017/validation/data/000000502136.jpg,a door with a plaque on it,a door with a plaque under it,on,under,LLaVA,"Yes, this is a door with a plaque under it. The plaque is a memorial, and the door is open, allowing access to the memorial.","Yes, this is a door with a plaque under it. The plaque is a memorial, and the door is open, allowing access to the memorial.",Agreement with Falsehood
67fde4be3e2e120b363a8bc4,/root/fiftyone/coco-2017/validation/data/000000009590.jpg,a group of people sitting around a table,a group of people sitting around a chair,table,chair,BLIP-2,Yes,Yes,Confusion/Irrelevance
67fde4be3e2e120b363a8bc4,/root/fiftyone/coco-2017/validation/data/000000009590.jpg,a group of people sitting around a table,a group of people sitting around a chair,table,chair,LLaVA,"Yes, this is a group of people sitting around a chair, which is placed in the middle of the room.","Yes, this is a group of people sitting around a chair, which is placed in the middle of the room.",Agreement with Falsehood
67fde4bd3e2e120b363a8a79,/root/fiftyone/coco-2017/validation/data/000000564280.jpg,a dog sitting on a couch,a cat sitting on a couch,dog,cat,BLIP-2,"No, it's a dog","No, it's a dog",Correct Rejection
67fde4bd3e2e120b363a8a79,/root/fiftyone/coco-2017/validation/data/000000564280.jpg,a dog sitting on a couch,a cat sitting on a couch,dog,cat,LLaVA,"No, this is a dog sitting on a couch.","No, this is a dog sitting on a couch.",Correct Rejection
67fde4bd3e2e120b363a8a6b,/root/fiftyone/coco-2017/validation/data/000000130586.jpg,a boy playing with a kite,a girl playing with a kite,boy,girl,BLIP-2,"No, this is a boy playing with a kite","No, this is a boy playing with a kite",Correct Rejection
67fde4bd3e2e120b363a8a6b,/root/fiftyone/coco-2017/validation/data/000000130586.jpg,a boy playing with a kite,a girl playing with a kite,boy,girl,LLaVA,"No, this is a young boy playing with a kite.","No, this is a young boy playing with a kite.",Correct Rejection
67fde4bd3e2e120b363a8a89,/root/fiftyone/coco-2017/validation/data/000000488385.jpg,a motorcycle parked on the side of a street,a motorcycle parked under the side of a street,on,under,BLIP-2,Yes,Yes,Confusion/Irrelevance
67fde4bd3e2e120b363a8a89,/root/fiftyone/coco-2017/validation/data/000000488385.jpg,a motorcycle parked on the side of a street,a motorcycle parked under the side of a street,on,under,LLaVA,"Yes, this is a motorcycle parked under the side of a street.","Yes, this is a motorcycle parked under the side of a street.",Agreement with Falsehood
67fde4be3e2e120b363a8bb5,/root/fiftyone/coco-2017/validation/data/000000148508.jpg,a red double decker bus,a blue double decker bus,red,blue,BLIP-2,"No, it's a red double decker bus","No, it's a red double decker bus",Correct Rejection
67fde4be3e2e120b363a8bb5,/root/fiftyone/coco-2017/validation/data/000000148508.jpg,a red double decker bus,a blue double decker bus,red,blue,LLaVA,"No, this is a red double decker bus.","No, this is a red double decker bus.",Correct Rejection
67fde4bd3e2e120b363a8a72,/root/fiftyone/coco-2017/validation/data/000000246968.jpg,a woman in a kitchen preparing food,a man in a kitchen preparing food,woman,man,BLIP-2,"No, it is a woman","No, it is a woman",Correct Rejection
67fde4bd3e2e120b363a8a72,/root/fiftyone/coco-2017/validation/data/000000246968.jpg,a woman in a kitchen preparing food,a man in a kitchen preparing food,woman,man,LLaVA,"No, this is a woman in a kitchen preparing food.","No, this is a woman in a kitchen preparing food.",Correct Rejection
67fde4bd3e2e120b363a8a84,/root/fiftyone/coco-2017/validation/data/000000270474.jpg,a little girl holding a baseball bat,a little boy holding a baseball bat,girl,boy,BLIP-2,Yes,Yes,Confusion/Irrelevance
67fde4bd3e2e120b363a8a84,/root/fiftyone/coco-2017/validation/data/000000270474.jpg,a little girl holding a baseball bat,a little boy holding a baseball bat,girl,boy,LLaVA,"No, this is not a little boy holding a baseball bat. It is a little girl holding a baseball bat.","No, this is not a little boy holding a baseball bat. It is a little girl holding a baseball bat.",Correct Rejection
67fde4bd3e2e120b363a8a8f,/root/fiftyone/coco-2017/validation/data/000000170474.jpg,a man playing tennis,a woman playing tennis,man,woman,BLIP-2,"No, this is a man playing tennis","No, this is a man playing tennis",Correct Rejection
67fde4bd3e2e120b363a8a8f,/root/fiftyone/coco-2017/validation/data/000000170474.jpg,a man playing tennis,a woman playing tennis,man,woman,LLaVA,"No, this is a man playing tennis.","No, this is a man playing tennis.",Correct Rejection
67fde4bd3e2e120b363a8a9e,/root/fiftyone/coco-2017/validation/data/000000423971.jpg,a toilet with a light on it,a toilet with a light under it,on,under,BLIP-2,Yes,Yes,Confusion/Irrelevance
67fde4bd3e2e120b363a8a9e,/root/fiftyone/coco-2017/validation/data/000000423971.jpg,a toilet with a light on it,a toilet with a light under it,on,under,LLaVA,"Yes, this is a toilet with a light under it. The light is turned on, and it is located under the toilet seat.","Yes, this is a toilet with a light under it. The light is turned on, and it is located under the toilet seat.",Agreement with Falsehood
67fde4bd3e2e120b363a8a7c,/root/fiftyone/coco-2017/validation/data/000000383842.jpg,a woman playing a video game,a man playing a video game,woman,man,BLIP-2,"No, it's a woman","No, it's a woman",Correct Rejection
67fde4bd3e2e120b363a8a7c,/root/fiftyone/coco-2017/validation/data/000000383842.jpg,a woman playing a video game,a man playing a video game,woman,man,LLaVA,"No, this is a woman playing a video game.","No, this is a woman playing a video game.",Correct Rejection
67fde4be3e2e120b363a8bbc,/root/fiftyone/coco-2017/validation/data/000000327890.jpg,a park bench with a tree in the background,a park bench with a building in the background,tree,building,BLIP-2,Yes,Yes,Confusion/Irrelevance
67fde4be3e2e120b363a8bbc,/root/fiftyone/coco-2017/validation/data/000000327890.jpg,a park bench with a tree in the background,a park bench with a building in the background,tree,building,LLaVA,"Yes, the image shows a park bench with a building in the background. The bench is located in a park, and the building is situated nearby.","Yes, the image shows a park bench with a building in the background. The bench is located in a park, and the building is situated nearby.",Agreement with Falsehood
67fde4be3e2e120b363a8bd6,/root/fiftyone/coco-2017/validation/data/000000440184.jpg,a couple of people playing tennis on a court,a couple of people playing tennis under a court,on,under,BLIP-2,Yes,Yes,Confusion/Irrelevance
67fde4be3e2e120b363a8bd6,/root/fiftyone/coco-2017/validation/data/000000440184.jpg,a couple of people playing tennis on a court,a couple of people playing tennis under a court,on,under,LLaVA,"Yes, this is a couple of people playing tennis under a court.","Yes, this is a couple of people playing tennis under a court.",Agreement with Falsehood
67fde4be3e2e120b363a8bcf,/root/fiftyone/coco-2017/validation/data/000000560911.jpg,a man sitting on a couch,a man standing on a couch,sitting,standing,BLIP-2,Yes,Yes,Confusion/Irrelevance
67fde4be3e2e120b363a8bcf,/root/fiftyone/coco-2017/validation/data/000000560911.jpg,a man sitting on a couch,a man standing on a couch,sitting,standing,LLaVA,"No, this is not a man standing on a couch. The image shows a man sitting on a couch, holding a cell phone.","No, this is not a man standing on a couch. The image shows a man sitting on a couch, holding a cell phone.",Correct Rejection
67fde4bd3e2e120b363a8a8e,/root/fiftyone/coco-2017/validation/data/000000168337.jpg,a man standing outside of a building,a man sitting outside of a building,standing,sitting,BLIP-2,Yes,Yes,Confusion/Irrelevance
67fde4bd3e2e120b363a8a8e,/root/fiftyone/coco-2017/validation/data/000000168337.jpg,a man standing outside of a building,a man sitting outside of a building,standing,sitting,LLaVA,"Yes, there is a man sitting outside of a building, possibly on a bench or a step.","Yes, there is a man sitting outside of a building, possibly on a bench or a step.",Agreement with Falsehood
67fde4bd3e2e120b363a8a80,/root/fiftyone/coco-2017/validation/data/000000090062.jpg,a cow standing in front of a pile of wood,a cow sitting in front of a pile of wood,standing,sitting,BLIP-2,Yes,Yes,Confusion/Irrelevance
67fde4bd3e2e120b363a8a80,/root/fiftyone/coco-2017/validation/data/000000090062.jpg,a cow standing in front of a pile of wood,a cow sitting in front of a pile of wood,standing,sitting,LLaVA,"Yes, the image shows a cow sitting in front of a pile of wood.","Yes, the image shows a cow sitting in front of a pile of wood.",Agreement with Falsehood
67fde4bd3e2e120b363a8a93,/root/fiftyone/coco-2017/validation/data/000000488251.jpg,a man standing next to a horse,a man sitting next to a horse,standing,sitting,BLIP-2,Yes,Yes,Confusion/Irrelevance
67fde4bd3e2e120b363a8a93,/root/fiftyone/coco-2017/validation/data/000000488251.jpg,a man standing next to a horse,a man sitting next to a horse,standing,sitting,LLaVA,"Yes, this is a man sitting next to a horse.","Yes, this is a man sitting next to a horse.",Agreement with Falsehood
67fde4be3e2e120b363a8bcd,/root/fiftyone/coco-2017/validation/data/000000545826.jpg,a cat,a dog,cat,dog,BLIP-2,"No, it's a cat","No, it's a cat",Correct Rejection
67fde4be3e2e120b363a8bcd,/root/fiftyone/coco-2017/validation/data/000000545826.jpg,a cat,a dog,cat,dog,LLaVA,"No, this is not a dog. It is a cat wearing a blue hat on its head.","No, this is not a dog. It is a cat wearing a blue hat on its head.",Correct Rejection
67fde4be3e2e120b363a8bbe,/root/fiftyone/coco-2017/validation/data/000000407298.jpg,a young boy holding a baseball glove,a young girl holding a baseball glove,boy,girl,BLIP-2,Yes,Yes,Confusion/Irrelevance
67fde4be3e2e120b363a8bbe,/root/fiftyone/coco-2017/validation/data/000000407298.jpg,a young boy holding a baseball glove,a young girl holding a baseball glove,boy,girl,LLaVA,"No, this is a young boy holding a baseball glove.","No, this is a young boy holding a baseball glove.",Correct Rejection
67fde4bd3e2e120b363a8a78,/root/fiftyone/coco-2017/validation/data/000000549167.jpg,a plate of food on a table,a plate of food on a chair,table,chair,BLIP-2,Yes,Yes,Confusion/Irrelevance
67fde4bd3e2e120b363a8a78,/root/fiftyone/coco-2017/validation/data/000000549167.jpg,a plate of food on a table,a plate of food on a chair,table,chair,LLaVA,"No, this is a plate of food on a table.","No, this is a plate of food on a table.",Correct Rejection
67fde4bd3e2e120b363a8a86,/root/fiftyone/coco-2017/validation/data/000000451714.jpg,a man on skis on a snowy slope,a woman on skis on a snowy slope,man,woman,BLIP-2,Yes,Yes,Confusion/Irrelevance
67fde4bd3e2e120b363a8a86,/root/fiftyone/coco-2017/validation/data/000000451714.jpg,a man on skis on a snowy slope,a woman on skis on a snowy slope,man,woman,LLaVA,"Yes, this is a woman on skis on a snowy slope.","Yes, this is a woman on skis on a snowy slope.",Agreement with Falsehood
67fde4be3e2e120b363a8bc6,/root/fiftyone/coco-2017/validation/data/000000255664.jpg,a dog catching a frisbee,a cat catching a frisbee,dog,cat,BLIP-2,"No, this is a dog catching a frisbee","No, this is a dog catching a frisbee",Correct Rejection
67fde4be3e2e120b363a8bc6,/root/fiftyone/coco-2017/validation/data/000000255664.jpg,a dog catching a frisbee,a cat catching a frisbee,dog,cat,LLaVA,"No, this is not a cat catching a frisbee. The image shows a dog catching a frisbee in a grassy field.","No, this is not a cat catching a frisbee. The image shows a dog catching a frisbee in a grassy field.",Correct Rejection
67fde4be3e2e120b363a8bc2,/root/fiftyone/coco-2017/validation/data/000000042888.jpg,a street sign on a pole,a street sign under a pole,on,under,BLIP-2,Yes,Yes,Confusion/Irrelevance
67fde4be3e2e120b363a8bc2,/root/fiftyone/coco-2017/validation/data/000000042888.jpg,a street sign on a pole,a street sign under a pole,on,under,LLaVA,"Yes, this is a street sign under a pole, which is located on a street corner.","Yes, this is a street sign under a pole, which is located on a street corner.",Agreement with Falsehood
67fde4bd3e2e120b363a88fc,/root/fiftyone/coco-2017/validation/data/000000573626.jpg,two cows standing on rocks near a river,two cows sitting on rocks near a river,standing,sitting,BLIP-2,Yes,Yes,Confusion/Irrelevance
67fde4bd3e2e120b363a88fc,/root/fiftyone/coco-2017/validation/data/000000573626.jpg,two cows standing on rocks near a river,two cows sitting on rocks near a river,standing,sitting,LLaVA,"Yes, this is a scene of two cows sitting on rocks near a river.","Yes, this is a scene of two cows sitting on rocks near a river.",Agreement with Falsehood
67fde4bd3e2e120b363a88f9,/root/fiftyone/coco-2017/validation/data/000000037751.jpg,a person riding a motorcycle on a dirt road,a person riding a motorcycle under a dirt road,on,under,BLIP-2,Yes,Yes,Confusion/Irrelevance
67fde4bd3e2e120b363a88f9,/root/fiftyone/coco-2017/validation/data/000000037751.jpg,a person riding a motorcycle on a dirt road,a person riding a motorcycle under a dirt road,on,under,LLaVA,"Yes, this is a person riding a motorcycle under a dirt road.","Yes, this is a person riding a motorcycle under a dirt road.",Agreement with Falsehood
67fde4bd3e2e120b363a8a6e,/root/fiftyone/coco-2017/validation/data/000000346905.jpg,a family of elephants walking in the wild,a family of elephants running in the wild,walking,running,BLIP-2,Yes,Yes,Confusion/Irrelevance
67fde4bd3e2e120b363a8a6e,/root/fiftyone/coco-2017/validation/data/000000346905.jpg,a family of elephants walking in the wild,a family of elephants running in the wild,walking,running,LLaVA,"Yes, this is a family of elephants, including two adult elephants and a baby elephant, running together in the wild. The image captures the elephants in their natural habitat, showcasing their strong bond and","Yes, this is a family of elephants, including two adult elephants and a baby elephant, running together in the wild. The image captures the elephants in their natural habitat, showcasing their strong bond and",Agreement with Falsehood
67fde4be3e2e120b363a8bce,/root/fiftyone/coco-2017/validation/data/000000399655.jpg,a dog laying on a couch with a shoe,a cat laying on a couch with a shoe,dog,cat,BLIP-2,Yes,Yes,Confusion/Irrelevance
67fde4be3e2e120b363a8bce,/root/fiftyone/coco-2017/validation/data/000000399655.jpg,a dog laying on a couch with a shoe,a cat laying on a couch with a shoe,dog,cat,LLaVA,"No, this is not a cat laying on a couch with a shoe. It is a dog laying on a couch with a shoe.","No, this is not a cat laying on a couch with a shoe. It is a dog laying on a couch with a shoe.",Correct Rejection
67fde4be3e2e120b363a8bbf,/root/fiftyone/coco-2017/validation/data/000000045550.jpg,a man holding a plate of food,a woman holding a plate of food,man,woman,BLIP-2,Yes,Yes,Confusion/Irrelevance
67fde4be3e2e120b363a8bbf,/root/fiftyone/coco-2017/validation/data/000000045550.jpg,a man holding a plate of food,a woman holding a plate of food,man,woman,LLaVA,"No, this is a man holding a plate of food.","No, this is a man holding a plate of food.",Correct Rejection
67fde4bd3e2e120b363a8a99,/root/fiftyone/coco-2017/validation/data/000000439290.jpg,a banana tree with bananas hanging from it,a banana building with bananas hanging from it,tree,building,BLIP-2,Yes,Yes,Confusion/Irrelevance
67fde4bd3e2e120b363a8a99,/root/fiftyone/coco-2017/validation/data/000000439290.jpg,a banana tree with bananas hanging from it,a banana building with bananas hanging from it,tree,building,LLaVA,"No, this is not a banana building with bananas hanging from it. Instead, it is a palm tree with a bunch of green bananas hanging from it.","No, this is not a banana building with bananas hanging from it. Instead, it is a palm tree with a bunch of green bananas hanging from it.",Correct Rejection
67fde4bd3e2e120b363a8a85,/root/fiftyone/coco-2017/validation/data/000000194216.jpg,a bear walking on a fallen tree,a bear walking on a fallen building,tree,building,BLIP-2,Yes,Yes,Confusion/Irrelevance
67fde4bd3e2e120b363a8a85,/root/fiftyone/coco-2017/validation/data/000000194216.jpg,a bear walking on a fallen tree,a bear walking on a fallen building,tree,building,LLaVA,"No, this is not a bear walking on a fallen building. The image shows a brown bear walking through a forest, surrounded by trees. The bear is not on a fallen building, but rather in its natural habitat.","No, this is not a bear walking on a fallen building. The image shows a brown bear walking through a forest, surrounded by trees. The bear is not on a fallen building, but rather in its natural habitat.",Correct Rejection
67fde4be3e2e120b363a8bd5,/root/fiftyone/coco-2017/validation/data/000000146825.jpg,a train on the tracks,a train under the tracks,on,under,BLIP-2,Yes,Yes,Confusion/Irrelevance
67fde4be3e2e120b363a8bd5,/root/fiftyone/coco-2017/validation/data/000000146825.jpg,a train on the tracks,a train under the tracks,on,under,LLaVA,"Yes, this is a train under the tracks. The train is red and yellow, and it is traveling down the tracks.","Yes, this is a train under the tracks. The train is red and yellow, and it is traveling down the tracks.",Agreement with Falsehood
67fde4bd3e2e120b363a8a74,/root/fiftyone/coco-2017/validation/data/000000257624.jpg,a little girl standing next to a soccer ball,a little boy standing next to a soccer ball,girl,boy,BLIP-2,Yes,Yes,Confusion/Irrelevance
67fde4bd3e2e120b363a8a74,/root/fiftyone/coco-2017/validation/data/000000257624.jpg,a little girl standing next to a soccer ball,a little boy standing next to a soccer ball,girl,boy,LLaVA,"No, this is not a little boy standing next to a soccer ball. The image features a young girl wearing a jacket and holding a blue frisbee.","No, this is not a little boy standing next to a soccer ball. The image features a young girl wearing a jacket and holding a blue frisbee.",Correct Rejection
67fde4bd3e2e120b363a8a96,/root/fiftyone/coco-2017/validation/data/000000263425.jpg,two men in a backyard with a hot dog,two men in a backyard with a hot cat,dog,cat,BLIP-2,Yes,Yes,Confusion/Irrelevance
67fde4bd3e2e120b363a8a96,/root/fiftyone/coco-2017/validation/data/000000263425.jpg,two men in a backyard with a hot dog,two men in a backyard with a hot cat,dog,cat,LLaVA,"Yes, this is a scene of two men in a backyard with a hot cat. The hot cat is placed in a truck bed, and the men are standing nearby. The presence of the hot cat and the backyard setting suggest that this","Yes, this is a scene of two men in a backyard with a hot cat. The hot cat is placed in a truck bed, and the men are standing nearby. The presence of the hot cat and the backyard setting suggest that this",Agreement with Falsehood
67fde4bd3e2e120b363a8aa0,/root/fiftyone/coco-2017/validation/data/000000475191.jpg,a woman playing tennis,a man playing tennis,woman,man,BLIP-2,"No, this is a woman playing tennis","No, this is a woman playing tennis",Correct Rejection
67fde4bd3e2e120b363a8aa0,/root/fiftyone/coco-2017/validation/data/000000475191.jpg,a woman playing tennis,a man playing tennis,woman,man,LLaVA,"No, this is a woman playing tennis.","No, this is a woman playing tennis.",Correct Rejection
67fde4bd3e2e120b363a8a81,/root/fiftyone/coco-2017/validation/data/000000409475.jpg,two people on skis,two people under skis,on,under,BLIP-2,Yes,Yes,Confusion/Irrelevance
67fde4bd3e2e120b363a8a81,/root/fiftyone/coco-2017/validation/data/000000409475.jpg,two people on skis,two people under skis,on,under,LLaVA,"Yes, this is a picture of two people standing under skis on a snowy mountain.","Yes, this is a picture of two people standing under skis on a snowy mountain.",Agreement with Falsehood
67fde4bd3e2e120b363a88fd,/root/fiftyone/coco-2017/validation/data/000000048564.jpg,a boy talking on a cell phone,a girl talking on a cell phone,boy,girl,BLIP-2,Yes,Yes,Confusion/Irrelevance
67fde4bd3e2e120b363a88fd,/root/fiftyone/coco-2017/validation/data/000000048564.jpg,a boy talking on a cell phone,a girl talking on a cell phone,boy,girl,LLaVA,"No, this is a boy talking on a cell phone.","No, this is a boy talking on a cell phone.",Correct Rejection
67fde4be3e2e120b363a8bc7,/root/fiftyone/coco-2017/validation/data/000000355677.jpg,a beach with a lifeguard stand and surfboard,a mountain with a lifeguard stand and surfboard,beach,mountain,BLIP-2,Yes,Yes,Confusion/Irrelevance
67fde4be3e2e120b363a8bc7,/root/fiftyone/coco-2017/validation/data/000000355677.jpg,a beach with a lifeguard stand and surfboard,a mountain with a lifeguard stand and surfboard,beach,mountain,LLaVA,"No, this is not a mountain with a lifeguard stand and surfboard. The image features a lifeguard stand and a surfboard on a sandy beach.","No, this is not a mountain with a lifeguard stand and surfboard. The image features a lifeguard stand and a surfboard on a sandy beach.",Correct Rejection
67fde4bd3e2e120b363a88e0,/root/fiftyone/coco-2017/validation/data/000000331817.jpg,a table with food on it,a chair with food on it,table,chair,BLIP-2,Yes,Yes,Confusion/Irrelevance
67fde4bd3e2e120b363a88e0,/root/fiftyone/coco-2017/validation/data/000000331817.jpg,a table with food on it,a chair with food on it,table,chair,LLaVA,"No, this is not a chair with food on it. Instead, it is a dining table with various food items and drinks on it.","No, this is not a chair with food on it. Instead, it is a dining table with various food items and drinks on it.",Correct Rejection
67fde4bd3e2e120b363a8a7e,/root/fiftyone/coco-2017/validation/data/000000118209.jpg,two horses standing behind a fence,two horses sitting behind a fence,standing,sitting,BLIP-2,Yes,Yes,Confusion/Irrelevance
67fde4bd3e2e120b363a8a7e,/root/fiftyone/coco-2017/validation/data/000000118209.jpg,two horses standing behind a fence,two horses sitting behind a fence,standing,sitting,LLaVA,"Yes, this is a scene of two horses sitting behind a fence.","Yes, this is a scene of two horses sitting behind a fence.",Agreement with Falsehood
67fde4bd3e2e120b363a8a91,/root/fiftyone/coco-2017/validation/data/000000024567.jpg,a man holding a tray of hot dogs,a woman holding a tray of hot dogs,man,woman,BLIP-2,Yes,Yes,Confusion/Irrelevance
67fde4bd3e2e120b363a8a91,/root/fiftyone/coco-2017/validation/data/000000024567.jpg,a man holding a tray of hot dogs,a woman holding a tray of hot dogs,man,woman,LLaVA,"No, this is not a woman holding a tray of hot dogs. It is a man wearing a hat and a green shirt, who is holding a tray of hot dogs.","No, this is not a woman holding a tray of hot dogs. It is a man wearing a hat and a green shirt, who is holding a tray of hot dogs.",Correct Rejection
67fde4bd3e2e120b363a8a7a,/root/fiftyone/coco-2017/validation/data/000000111086.jpg,a large cruise ship with many cars parked in front of it,a small cruise ship with many cars parked in front of it,large,small,BLIP-2,Yes,Yes,Confusion/Irrelevance
67fde4bd3e2e120b363a8a7a,/root/fiftyone/coco-2017/validation/data/000000111086.jpg,a large cruise ship with many cars parked in front of it,a small cruise ship with many cars parked in front of it,large,small,LLaVA,"No, this is not a small cruise ship. It is a large cruise ship with many cars parked in front of it. The image shows a large ship with a long line of cars parked in front of it, indicating that the","No, this is not a small cruise ship. It is a large cruise ship with many cars parked in front of it. The image shows a large ship with a long line of cars parked in front of it, indicating that the",Correct Rejection
67fde4bd3e2e120b363a8a71,/root/fiftyone/coco-2017/validation/data/000000065485.jpg,a dog sitting in the back of a truck,a cat sitting in the back of a truck,dog,cat,BLIP-2,Yes,Yes,Confusion/Irrelevance
67fde4bd3e2e120b363a8a71,/root/fiftyone/coco-2017/validation/data/000000065485.jpg,a dog sitting in the back of a truck,a cat sitting in the back of a truck,dog,cat,LLaVA,"No, this is not a cat sitting in the back of a truck. It is a dog sitting in the back of a truck.","No, this is not a cat sitting in the back of a truck. It is a dog sitting in the back of a truck.",Correct Rejection
67fde4bd3e2e120b363a8a83,/root/fiftyone/coco-2017/validation/data/000000314264.jpg,a man putting flowers in a vase,a woman putting flowers in a vase,man,woman,BLIP-2,Yes,Yes,Confusion/Irrelevance
67fde4bd3e2e120b363a8a83,/root/fiftyone/coco-2017/validation/data/000000314264.jpg,a man putting flowers in a vase,a woman putting flowers in a vase,man,woman,LLaVA,"No, this is not a woman putting flowers in a vase. It is a man, possibly a gardener or a worker, who is arranging flowers in a vase.","No, this is not a woman putting flowers in a vase. It is a man, possibly a gardener or a worker, who is arranging flowers in a vase.",Correct Rejection
67fde4bd3e2e120b363a8a9b,/root/fiftyone/coco-2017/validation/data/000000548780.jpg,two women sitting on a bench,two women standing on a bench,sitting,standing,BLIP-2,Yes,Yes,Confusion/Irrelevance
67fde4bd3e2e120b363a8a9b,/root/fiftyone/coco-2017/validation/data/000000548780.jpg,two women sitting on a bench,two women standing on a bench,sitting,standing,LLaVA,"No, this is not two women standing on a bench. Instead, it is two women sitting on a bench, with one of them smoking a cigarette.","No, this is not two women standing on a bench. Instead, it is two women sitting on a bench, with one of them smoking a cigarette.",Correct Rejection
67fde4bd3e2e120b363a8a70,/root/fiftyone/coco-2017/validation/data/000000508730.jpg,two naked toddlers sitting on a toilet,two naked toddlers sitting under a toilet,on,under,BLIP-2,Yes,Yes,Confusion/Irrelevance
67fde4bd3e2e120b363a8a70,/root/fiftyone/coco-2017/validation/data/000000508730.jpg,two naked toddlers sitting on a toilet,two naked toddlers sitting under a toilet,on,under,LLaVA,"Yes, the image shows two naked toddlers sitting under a toilet.","Yes, the image shows two naked toddlers sitting under a toilet.",Agreement with Falsehood
67fde4bd3e2e120b363a8a7d,/root/fiftyone/coco-2017/validation/data/000000165500.jpg,bears grazing on grass,bears grazing under grass,on,under,BLIP-2,"No, this is bears eating grass","No, this is bears eating grass",Correct Rejection
67fde4bd3e2e120b363a8a7d,/root/fiftyone/coco-2017/validation/data/000000165500.jpg,bears grazing on grass,bears grazing under grass,on,under,LLaVA,"Yes, this is a scene of bears grazing under grass. There are three bears in the image, with one of them eating grass in a field. The bears are standing in a grassy area, which provides them with a","Yes, this is a scene of bears grazing under grass. There are three bears in the image, with one of them eating grass in a field. The bears are standing in a grassy area, which provides them with a",Agreement with Falsehood
67fde4bd3e2e120b363a8a77,/root/fiftyone/coco-2017/validation/data/000000410510.jpg,a man playing tennis on a tennis court,a woman playing tennis on a tennis court,man,woman,BLIP-2,Yes,Yes,Confusion/Irrelevance
67fde4bd3e2e120b363a8a77,/root/fiftyone/coco-2017/validation/data/000000410510.jpg,a man playing tennis on a tennis court,a woman playing tennis on a tennis court,man,woman,LLaVA,"Yes, this is a woman playing tennis on a tennis court.","Yes, this is a woman playing tennis on a tennis court.",Agreement with Falsehood
67fde4be3e2e120b363a8bd1,/root/fiftyone/coco-2017/validation/data/000000234660.jpg,a train,a airplane,train,airplane,BLIP-2,No,No,Confusion/Irrelevance
67fde4be3e2e120b363a8bd1,/root/fiftyone/coco-2017/validation/data/000000234660.jpg,a train,a airplane,train,airplane,LLaVA,"No, this is not an airplane. It is a train or a bullet train, which is a type of high-speed passenger train.","No, this is not an airplane. It is a train or a bullet train, which is a type of high-speed passenger train.",Correct Rejection
67fde4bd3e2e120b363a8a76,/root/fiftyone/coco-2017/validation/data/000000531707.jpg,three people sitting on a bench,three people standing on a bench,sitting,standing,BLIP-2,Yes,Yes,Confusion/Irrelevance
67fde4bd3e2e120b363a8a76,/root/fiftyone/coco-2017/validation/data/000000531707.jpg,three people sitting on a bench,three people standing on a bench,sitting,standing,LLaVA,"No, this is not three people standing on a bench. Instead, it is three people sitting on a bench, enjoying the view of the ocean.","No, this is not three people standing on a bench. Instead, it is three people sitting on a bench, enjoying the view of the ocean.",Correct Rejection
67fde4be3e2e120b363a8bca,/root/fiftyone/coco-2017/validation/data/000000323828.jpg,a train on the tracks,a airplane on the tracks,train,airplane,BLIP-2,"No, it's a train","No, it's a train",Correct Rejection
67fde4be3e2e120b363a8bca,/root/fiftyone/coco-2017/validation/data/000000323828.jpg,a train on the tracks,a airplane on the tracks,train,airplane,LLaVA,"No, this is not an airplane on the tracks. It is a train with a locomotive and several cars on the tracks.","No, this is not an airplane on the tracks. It is a train with a locomotive and several cars on the tracks.",Correct Rejection
67fde4bd3e2e120b363a8a90,/root/fiftyone/coco-2017/validation/data/000000507797.jpg,a group of people boarding a bus,a group of people boarding a car,bus,car,BLIP-2,Yes,Yes,Confusion/Irrelevance
67fde4bd3e2e120b363a8a90,/root/fiftyone/coco-2017/validation/data/000000507797.jpg,a group of people boarding a bus,a group of people boarding a car,bus,car,LLaVA,"Yes, this is a group of people boarding a car, which is a bus. They are standing in line, preparing to get on the bus.","Yes, this is a group of people boarding a car, which is a bus. They are standing in line, preparing to get on the bus.",Agreement with Falsehood
67fde4be3e2e120b363a8bc9,/root/fiftyone/coco-2017/validation/data/000000464251.jpg,a bird sitting on a railing,a bird sitting under a railing,on,under,BLIP-2,Yes,Yes,Confusion/Irrelevance
67fde4be3e2e120b363a8bc9,/root/fiftyone/coco-2017/validation/data/000000464251.jpg,a bird sitting on a railing,a bird sitting under a railing,on,under,LLaVA,"Yes, the image shows a bird sitting under a railing.","Yes, the image shows a bird sitting under a railing.",Agreement with Falsehood
67fde4be3e2e120b363a8bd0,/root/fiftyone/coco-2017/validation/data/000000365208.jpg,a wedding on the beach with a bird cage,a wedding under the beach with a bird cage,on,under,BLIP-2,"Yes, it is a wedding under the beach with a bird cage","Yes, it is a wedding under the beach with a bird cage",Agreement with Falsehood
67fde4be3e2e120b363a8bd0,/root/fiftyone/coco-2017/validation/data/000000365208.jpg,a wedding on the beach with a bird cage,a wedding under the beach with a bird cage,on,under,LLaVA,"Yes, this appears to be a wedding scene under the beach with a bird cage. The man is standing next to a table, and there is a bird cage on the table. The presence of a bird cage suggests that the wed","Yes, this appears to be a wedding scene under the beach with a bird cage. The man is standing next to a table, and there is a bird cage on the table. The presence of a bird cage suggests that the wed",Agreement with Falsehood
67fde4bd3e2e120b363a8a88,/root/fiftyone/coco-2017/validation/data/000000374052.jpg,a man sitting on a bench with pigeons around him,a man standing on a bench with pigeons around him,sitting,standing,BLIP-2,Yes,Yes,Confusion/Irrelevance
67fde4bd3e2e120b363a8a88,/root/fiftyone/coco-2017/validation/data/000000374052.jpg,a man sitting on a bench with pigeons around him,a man standing on a bench with pigeons around him,sitting,standing,LLaVA,"No, this is not a man standing on a bench with pigeons around him. The image shows a man sitting on a bench, surrounded by pigeons.","No, this is not a man standing on a bench with pigeons around him. The image shows a man sitting on a bench, surrounded by pigeons.",Correct Rejection
67fde4be3e2e120b363a8bbb,/root/fiftyone/coco-2017/validation/data/000000267191.jpg,a man riding an elephant,a woman riding an elephant,man,woman,BLIP-2,Yes,Yes,Confusion/Irrelevance
67fde4be3e2e120b363a8bbb,/root/fiftyone/coco-2017/validation/data/000000267191.jpg,a man riding an elephant,a woman riding an elephant,man,woman,LLaVA,"No, this is not a woman riding an elephant. Instead, it is a man riding an elephant, with another elephant nearby.","No, this is not a woman riding an elephant. Instead, it is a man riding an elephant, with another elephant nearby.",Correct Rejection
67fde4be3e2e120b363a8bc1,/root/fiftyone/coco-2017/validation/data/000000431693.jpg,a man playing tennis,a woman playing tennis,man,woman,BLIP-2,"No, this is a man playing tennis","No, this is a man playing tennis",Correct Rejection
67fde4be3e2e120b363a8bc1,/root/fiftyone/coco-2017/validation/data/000000431693.jpg,a man playing tennis,a woman playing tennis,man,woman,LLaVA,"No, this is a man playing tennis.","No, this is a man playing tennis.",Correct Rejection
67fde4bd3e2e120b363a8a98,/root/fiftyone/coco-2017/validation/data/000000413689.jpg,two people standing on a street corner,two people sitting on a street corner,standing,sitting,BLIP-2,Yes,Yes,Confusion/Irrelevance
67fde4bd3e2e120b363a8a98,/root/fiftyone/coco-2017/validation/data/000000413689.jpg,two people standing on a street corner,two people sitting on a street corner,standing,sitting,LLaVA,"No, this is not two people sitting on a street corner. Instead, it is two women standing on a street corner, holding umbrellas.","No, this is not two people sitting on a street corner. Instead, it is two women standing on a street corner, holding umbrellas.",Correct Rejection
67fde4be3e2e120b363a8bd3,/root/fiftyone/coco-2017/validation/data/000000206025.jpg,a man in a suit and tie,a woman in a suit and tie,man,woman,BLIP-2,"No, this is a man in a suit and tie","No, this is a man in a suit and tie",Correct Rejection
67fde4be3e2e120b363a8bd3,/root/fiftyone/coco-2017/validation/data/000000206025.jpg,a man in a suit and tie,a woman in a suit and tie,man,woman,LLaVA,"No, this is not a woman in a suit and tie. It is a man wearing a suit and tie.","No, this is not a woman in a suit and tie. It is a man wearing a suit and tie.",Correct Rejection
